target_id	length	eff_length	est_counts	tpm
CBA60042	1320	1026	9	271.546
CBA60043	1209	915	4	135.328
CBA60045	207	9.1809	0	0
CBA60047	1116	822	2	75.3192
CBA60049	1902	1608	0	0
CBA60051	2427	2133	6	87.0779
CBA60053	297	25.369	0	0
CBA60054	261	15.584	0	0
CBA60056	312	32.019	0	0
CBA60058	408	114.009	0	0
CBA60060	774	480	5	322.46
CBA60062	510	216	2	286.631
CBA60064	882	588	8	421.173
CBA60065	1272	978	15	474.788
CBA60067	456	162	0	0
CBA60069	1638	1344	1	23.0329
CBA60071	351	59.0937	0	0
CBA60073	600	306	4	404.656
CBA60075	1206	912	4	135.773
CBA60077	414	120.004	1	257.959
CBA60079	3432	3138	2	19.7299
CBA60081	1929	1635	14	265.068
CBA60083	465	171	0	0
CBA60085	495	201	0	0
CBA60086	1026	732	0	0
CBA60088	2250	1956	1	15.8263
CBA60090	1374	1080	0	0
CBA60092	1071	777	0	0
CBA60094	1095	801	3	115.941
CBA60096	2178	1884	5	82.1555
CBA60098	846	552	3	168.24
CBA60100	1167	873	0	0
CBA60102	1647	1353	0	0
CBA60104	1374	1080	0	0
CBA60105	954	660	0	0
CBA60107	969	675	0	0
CBA60109	987	693	4	178.679
CBA60111	1047	753	14	575.547
CBA60113	1731	1437	13	280.049
CBA60115	2949	2655	5	58.2979
CBA60117	465	171	0	0
CBA60119	303	27.8014	16	17815.6
CBA60121	1365	1071	10	289.04
CBA60123	474	180	0	0
CBA60125	651	357	1	86.712
CBA60126	933	639	3	145.334
CBA60128	747	453	0	0
CBA60130	486	192	0	0
CBA60132	1716	1422	6	130.617
CBA60134	1533	1239	8	199.879
CBA60136	1482	1188	11	286.631
CBA60138	1404	1110	7	195.219
CBA60140	396	102.039	1	303.376
CBA60142	831	537	0	0
CBA60144	495	201	0	0
CBA60146	1377	1083	0	0
CBA60148	750	456	1	67.8864
CBA60152	747	453	0	0
CBA60153	528	234	0	0
CBA60155	663	369	0	0
CBA60157	1194	900	142	4884.2
CBA60159	150	6.29398	0	0
CBA60160	222	10.4162	0	0
CBA60162	543	249	0	0
CBA60164	426	132.001	2	469.03
CBA60166	699	405	8	611.48
CBA60168	507	213	18	2616.02
CBA60170	366	72.7051	19	8089.78
CBA60172	789	495	14	875.529
CBA60173	3717	3423	17	153.741
CBA60175	3486	3192	21	203.659
CBA60177	426	132.001	0	0
CBA60179	471	177	0	0
CBA60181	2067	1773	47	820.61
CBA60183	1194	900	142	4884.2
CBA60185	312	32.019	0	0
CBA60186	630	336	2	184.263
CBA60188	654	360	0	0
CBA60190	291	23.2096	0	0
CBA60191	831	537	3	172.94
CBA60193	282	20.4227	1	1515.77
CBA60195	336	47.0146	0	0
CBA60197	816	522	1	59.3031
CBA60199	432	138	0	0
CBA60200	204	8.96629	0	0
CBA60202	255	14.5306	0	0
CBA60204	369	75.5516	2	819.471
CBA60206	309	30.5332	0	0
CBA60208	543	249	3	372.966
CBA60210	186	7.85728	0	0
CBA60211	399	105.028	1	294.743
CBA60213	543	249	1	124.322
CBA60215	369	75.5516	0	0
CBA60217	510	216	3	429.947
CBA60219	186	7.85728	0	0
CBA60221	444	150	5	1031.87
CBA60223	1269	975	14	444.499
CBA60225	666	372	9	748.94
CBA60226	747	453	10	683.36
CBA60227	279	19.6009	0	0
CBA60229	219	10.1452	0	0
CBA60231	114	5.25924	0	0
CBA60233	372	78.4275	2	789.422
CBA60235	399	105.028	0	0
CBA60237	624	330	18	1688.52
CBA60238	948	654	19	899.339
CBA60240	342	51.6221	6	3598.02
CBA60242	834	540	0	0
CBA60244	822	528	0	0
CBA60246	708	414	1	74.7734
CBA60248	732	438	0	0
CBA60249	342	51.6221	18	10794.1
CBA60251	393	99.0546	10	3125.16
CBA60253	753	459	0	0
CBA60255	1185	891	17	590.634
CBA60257	2352	2058	3	45.1256
CBA60259	540	246	0	0
CBA60261	840	546	5	283.482
CBA60263	1113	819	5	188.988
CBA60265	120	5.40618	0	0
CBA60267	918	624	6	297.656
CBA60268	1080	786	15	590.767
CBA60270	609	315	11	1081.01
CBA60272	216	9.88688	0	0
CBA60274	1080	786	23	905.843
CBA60276	753	459	18	1213.97
CBA60277	558	264	170	19933.9
CBA60279	1407	1113	5	139.066
CBA60281	1833	1539	21	422.404
CBA60283	1296	1002	0	0
CBA60285	738	444	0	0
CBA60286	1272	978	7	221.568
CBA60288	1065	771	0	0
CBA60290	669	375	0	0
CBA60292	261	15.584	0	0
CBA60294	1020	726	0	0
CBA60296	429	135.001	0	0
CBA60298	519	225	0	0
CBA60300	1194	900	5	171.979
CBA60302	1098	804	0	0
CBA60304	2220	1926	1	16.0728
CBA60305	783	489	0	0
CBA60307	1914	1620	2	38.2175
CBA60309	309	30.5332	0	0
CBA60311	327	40.7328	0	0
CBA60313	1335	1041	0	0
CBA60315	519	225	0	0
CBA60317	960	666	0	0
CBA60319	1053	759	0	0
CBA60320	675	381	0	0
CBA60322	552	258	10	1199.85
CBA60324	2676	2382	1	12.9959
CBA60326	1017	723	4	171.265
CBA60328	2151	1857	1	16.67
CBA60330	1167	873	0	0
CBA60332	606	312	9	892.967
CBA60334	1041	747	0	0
CBA60336	453	159	0	0
CBA60338	702	408	0	0
CBA60340	429	135.001	0	0
CBA60342	1017	723	2	85.6326
CBA60343	2709	2415	0	0
CBA60345	258	15.0421	0	0
CBA60347	981	687	2	90.1199
CBA60348	963	669	3	138.817
CBA60351	981	687	1	45.06
CBA60352	468	174	0	0
CBA60354	714	420	0	0
CBA60356	1773	1479	0	0
CBA60358	1422	1128	0	0
CBA60360	1071	777	0	0
CBA60362	252	14.0473	0	0
CBA60363	204	8.96629	0	0
CBA60365	294	24.2569	0	0
CBA60367	1350	1056	0	0
CBA60369	1221	927	0	0
CBA60371	2013	1719	0	0
CBA60372	651	357	0	0
CBA60374	1377	1083	16	457.34
CBA60376	1914	1620	3	57.3263
CBA60378	633	339	28	2556.85
CBA60380	540	246	1	125.838
CBA60382	171	7.11991	0	0
CBA60384	1068	774	0	0
CBA60386	1902	1608	4	77.0055
CBA60388	411	117.006	0	0
CBA60390	1104	810	0	0
CBA60392	1188	894	19	657.906
CBA60394	828	534	0	0
CBA60396	1266	972	354	11274.2
CBA60397	657	363	0	0
CBA60399	1134	840	2	73.7052
CBA60402	1023	729	17	721.887
CBA60404	921	627	0	0
CBA60406	693	399	0	0
CBA60408	849	555	0	0
CBA60410	585	291	0	0
CBA60412	927	633	9	440.135
CBA60414	891	597	1	51.8529
CBA60416	1032	738	3	125.838
CBA60418	876	582	0	0
CBA60420	1491	1197	0	0
CBA60422	285	21.2959	0	0
CBA60424	1629	1335	15	347.822
CBA60426	741	447	0	0
CBA60429	1536	1242	16	398.792
CBA60431	1431	1137	1	27.2262
CBA60432	876	582	0	0
CBA60434	585	291	0	0
CBA60436	438	144	1	214.973
CBA60438	237	11.994	0	0
CBA60440	3429	3135	1	9.87438
CBA60441	2235	1941	2	31.8972
CBA60443	2031	1737	0	0
CBA60445	453	159	0	0
CBA60446	1056	762	0	0
CBA60448	309	30.5332	0	0
CBA60450	1266	972	0	0
CBA60452	717	423	0	0
CBA60454	294	24.2569	0	0
CBA60456	216	9.88688	0	0
CBA60458	513	219	0	0
CBA60460	477	183	0	0
CBA60462	699	405	0	0
CBA60464	1368	1074	1	28.8233
CBA60466	1077	783	1	39.5354
CBA60468	594	300	1	103.187
CBA60470	1533	1239	1	24.9848
CBA60472	1251	957	1	32.3471
CBA60474	3807	3513	23	202.674
CBA60476	873	579	0	0
CBA60477	882	588	0	0
CBA60479	558	264	0	0
CBA60481	984	690	12	538.369
CBA60483	732	438	1	70.6762
CBA60485	429	135.001	0	0
CBA60487	315	33.5881	0	0
CBA60489	276	18.8274	0	0
CBA60491	417	123.003	0	0
CBA60493	1311	1017	4	121.755
CBA60495	933	639	9	436.003
CBA60497	393	99.0546	3	937.549
CBA60498	213	9.64054	0	0
CBA60500	396	102.039	0	0
CBA60502	357	64.392	0	0
CBA60504	1524	1230	11	276.844
CBA60506	336	47.0146	0	0
CBA60508	960	666	228	10597.6
CBA60510	2220	1926	2	32.1456
CBA60512	1878	1584	3	58.6292
CBA60514	2115	1821	2	33.9991
CBA60516	996	702	4	176.389
CBA60518	1233	939	1	32.9672
CBA60519	954	660	4	187.613
CBA60521	1101	807	2	76.7192
CBA60522	318	35.2427	0	0
CBA60524	387	93.1033	0	0
CBA60526	318	35.2427	0	0
CBA60528	1551	1257	2	49.2541
CBA60530	1071	777	1	39.8407
CBA60532	744	450	1	68.7915
CBA60534	1320	1026	8	241.374
CBA60536	447	153	1	202.328
CBA60538	1206	912	0	0
CBA60540	609	315	0	0
CBA60542	984	690	3	134.592
CBA60544	204	8.96629	0	0
CBA60546	819	525	1	58.9642
CBA60548	696	402	1	77.0055
CBA60550	444	150	0	0
CBA60552	375	81.3281	0	0
CBA60554	666	372	2	166.431
CBA60556	270	17.4134	0	0
CBA60557	1815	1521	3	61.0576
CBA60559	2076	1782	4	69.4864
CBA60561	1014	720	2	85.9894
CBA60563	879	585	2	105.833
CBA60565	702	408	0	0
CBA60567	423	129.001	0	0
CBA60569	774	480	0	0
CBA60571	762	468	0	0
CBA60573	882	588	3	157.94
CBA60574	375	81.3281	0	0
CBA60576	1404	1110	1	27.8885
CBA60578	1938	1644	5	94.149
CBA60580	1131	837	0	0
CBA60582	1023	729	0	0
CBA60584	912	618	1	50.0909
CBA60586	417	123.003	0	0
CBA60588	393	99.0546	0	0
CBA60590	396	102.039	11	3337.13
CBA60592	207	9.1809	0	0
CBA60594	834	540	5	286.631
CBA60596	2568	2274	0	0
CBA60598	414	120.004	0	0
CBA60600	498	204	0	0
CBA60602	402	108.019	0	0
CBA60604	489	195	0	0
CBA60606	756	462	0	0
CBA60608	864	570	0	0
CBA60610	480	186	0	0
CBA60612	1308	1014	0	0
CBA60614	1095	801	0	0
CBA60615	921	627	0	0
CBA60617	759	465	0	0
CBA60619	1074	780	4	158.75
CBA60621	264	16.1583	0	0
CBA60623	978	684	0	0
CBA60625	1023	729	0	0
CBA60627	891	597	0	0
CBA60629	963	669	0	0
CBA60631	1512	1218	1	25.4156
CBA60633	999	705	0	0
CBA60634	1263	969	0	0
CBA60636	744	450	0	0
CBA60638	1386	1092	0	0
CBA60640	645	351	0	0
CBA60641	615	321	0	0
CBA60643	912	618	2	100.182
CBA60645	444	150	1	206.375
CBA60647	501	207	0	0
CBA60649	729	435	5	355.818
CBA60651	1089	795	0	0
CBA60653	849	555	6	334.662
CBA60655	366	72.7051	0	0
CBA60657	2388	2094	0	0
CBA60659	609	315	0	0
CBA60661	213	9.64054	0	0
CBA60663	774	480	0	0
CBA60665	738	444	0	0
CBA60667	990	696	0	0
CBA60669	924	630	0	0
CBA60671	735	441	0	0
CBA60673	189	8.02321	0	0
CBA60675	930	636	0	0
CBA60677	1773	1479	0	0
CBA60679	753	459	1	67.4427
CBA60681	285	21.2959	0	0
CBA60683	699	405	1	76.435
CBA60685	819	525	0	0
CBA60686	2289	1995	1	15.5169
CBA60687	1299	1005	2	61.6044
CBA60689	753	459	2	134.885
CBA60691	525	231	11	1474.1
CBA60694	1599	1305	116	2751.66
CBA60696	2673	2379	13	169.16
CBA60698	342	51.6221	0	0
CBA60700	672	378	0	0
CBA60702	2586	2292	0	0
CBA60703	936	642	1	48.2184
CBA60705	738	444	2	139.442
CBA60707	5058	4764	5	32.4897
CBA60709	420	126.002	0	0
CBA60711	252	14.0473	0	0
CBA60713	732	438	0	0
CBA60715	984	690	0	0
CBA60716	813	519	11	656.104
CBA60718	693	399	0	0
CBA60720	942	648	0	0
CBA60721	1161	867	1	35.705
CBA60723	573	279	0	0
CBA60725	492	198	2	312.689
CBA60727	552	258	0	0
CBA60729	933	639	1	48.4447
CBA60731	864	570	0	0
CBA60733	1863	1569	0	0
CBA60735	1467	1173	0	0
CBA60737	837	543	0	0
CBA60738	1584	1290	0	0
CBA60740	597	303	3	306.497
CBA60742	519	225	5	687.915
CBA60744	999	705	137	6015.6
CBA60746	1200	906	7	239.176
CBA60748	810	516	2	119.985
CBA60750	1233	939	11	362.639
CBA60752	1128	834	22	816.59
CBA60754	1134	840	3	110.558
CBA60756	786	492	4	251.676
CBA60758	1038	744	67	2787.72
CBA60759	1632	1338	2	46.2723
CBA60761	927	633	394	19268.2
CBA60763	330	42.7398	0	0
CBA60767	1119	825	3.10855	116.641
CBA60769	1371	1077	1	28.743
CBA60771	1035	741	0	0
CBA60773	204	8.96629	0	0
CBA60775	1161	867	3	107.115
CBA60777	900	606	0	0
CBA60779	672	378	0	0
CBA60781	1374	1080	0	0
CBA60783	1068	774	0	0
CBA60785	309	30.5332	0	0
CBA60786	1431	1137	6	163.357
CBA60788	375	81.3281	0	0
CBA60790	2205	1911	4	64.7958
CBA60792	1410	1116	2	55.477
CBA60794	1065	771	4	160.603
CBA60796	1422	1128	31	850.746
CBA60798	465	171	1	181.03
CBA60799	363	69.8927	2	885.82
CBA60801	885	591	0	0
CBA60803	2115	1821	1	16.9996
CBA60806	2244	1950	0	0
CBA60807	717	423	0	0
CBA60809	939	645	0	0
CBA60811	684	390	1	79.3749
CBA60813	2661	2367	0	0
CBA60815	1182	888	5	174.303
CBA60817	663	369	1	83.8921
CBA60819	534	240	1	128.984
CBA60821	933	639	0	0
CBA60822	606	312	0	0
CBA60824	750	456	5	339.432
CBA60826	765	471	18	1183.04
CBA60828	822	528	0	0
CBA60830	1665	1371	0	0
CBA60832	1875	1581	1	19.5801
CBA60834	1800	1506	2	41.1105
CBA60836	387	93.1033	0	0
CBA60838	678	384	0	0
CBA60840	426	132.001	0	0
CBA60842	780	486	1	63.6959
CBA60844	744	450	0	0
CBA60845	258	15.0421	0	0
CBA60847	513	219	0	0
CBA60849	774	480	0	0
CBA60851	771	477	1	64.8977
CBA60853	777	483	0	0
CBA60855	663	369	1	83.8921
CBA60857	1425	1131	0	0
CBA60859	2469	2175	0	0
CBA60860	669	375	0	0
CBA60862	474	180	0	0
CBA60864	1143	849	0	0
CBA60866	675	381	1	81.2498
CBA60868	828	534	4	231.882
CBA60869	321	36.9844	0	0
CBA60871	681	387	59	4719.42
CBA60873	1053	759	0	0
CBA60875	417	123.003	0	0
CBA60877	474	180	0	0
CBA60879	759	465	0	0
CBA60881	840	546	0	0
CBA60883	648	354	0	0
CBA60885	1395	1101	0	0
CBA60886	3513	3219	0	0
CBA60888	1245	951	5	162.756
CBA60890	2835	2541	0	0
CBA60892	798	504	2	122.842
CBA60894	495	201	1	154.011
CBA60896	1179	885	61	2133.7
CBA60898	1608	1314	0	0
CBA60900	705	411	0	0
CBA60902	3099	2805	3	33.1082
CBA60903	1287	993	2	62.3488
CBA60905	1107	813	23	875.759
CBA60907	1542	1248	5	124.023
CBA60909	747	453	0	0
CBA60911	1311	1017	15	456.581
CBA60913	471	177	0	0
CBA60915	852	558	1	55.477
CBA60917	912	618	0	0
CBA60919	498	204	0	0
CBA60921	363	69.8927	1	442.91
CBA60923	522	228	0	0
CBA60925	486	192	0	0
CBA60927	519	225	0	0
CBA60929	981	687	0	0
CBA60931	1704	1410	0	0
CBA60933	2133	1839	1	16.8332
CBA60935	441	147	0	0
CBA60937	801	507	0	0
CBA60939	579	285	1	108.618
CBA60941	864	570	0	0
CBA60943	990	696	0	0
CBA60945	612	318	56	5451.4
CBA60947	798	504	16	982.736
CBA60949	360	67.1199	0	0
CBA60951	1383	1089	11	312.689
CBA60953	411	117.006	1	264.568
CBA60955	657	363	17	1449.74
CBA60957	1272	978	2	63.3051
CBA60958	717	423	0	0
CBA60960	1311	1017	0	0
CBA60962	537	243	0	0
CBA60964	537	243	0	0
CBA60966	756	462	0	0
CBA60968	1668	1374	0	0
CBA60970	930	636	16	778.772
CBA60972	564	270	14	1605.14
CBA60974	837	543	0	0
CBA60976	996	702	8	352.777
CBA60978	417	123.003	0	0
CBA60979	915	621	0	0
CBA60981	2238	1944	0	0
CBA60983	606	312	0	0
CBA60985	471	177	0	0
CBA60987	849	555	0	0
CBA60989	1005	711	0	0
CBA60990	1122	828	1	37.3867
CBA60992	762	468	0	0
CBA60994	792	498	2	124.322
CBA60996	603	309	1	100.182
CBA60998	2013	1719	15	270.124
CBA61001	1119	825	4.1575	156
CBA61003	1038	744	3	124.823
CBA61005	687	393	0	0
CBA61007	1341	1047	0	0
CBA61009	624	330	12	1125.68
CBA61011	1251	957	1	32.3471
CBA61012	579	285	0	0
CBA61014	1461	1167	0	0
CBA61016	606	312	0	0
CBA61018	2574	2280	4	54.3091
CBA61020	492	198	1	156.344
CBA61022	276	18.8274	7	11509.5
CBA61024	288	22.2238	6	8357.59
CBA61028	1110	816	5	189.683
CBA61030	5211	4917	2	12.5915
CBA61032	2100	1806	1	17.1407
CBA61034	396	102.039	0	0
CBA61036	441	147	0	0
CBA61038	1314	1020	1	30.3492
CBA61040	537	243	0	0
CBA61042	222	10.4162	0	0
CBA61044	264	16.1583	0	0
CBA61046	573	279	4	443.816
CBA61048	534	240	1	128.984
CBA61049	249	13.5904	0	0
CBA61051	204	8.96629	0	0
CBA61053	414	120.004	0	0
CBA61055	489	195	0	0
CBA61058	1110	816	2.83088	107.394
CBA61060	1014	720	0	0
CBA61062	570	276	3	336.48
CBA61063	1338	1044	4	118.606
CBA61065	729	435	0	0
CBA61067	2112	1818	0	0
CBA61068	774	480	0	0
CBA61070	177	7.39772	0	0
CBA61072	651	357	4	346.848
CBA61074	825	531	1	58.2979
CBA61076	894	600	2	103.187
CBA61077	438	144	0	0
CBA61079	231	11.3144	0	0
CBA61081	222	10.4162	0	0
CBA61083	141	5.99709	0	0
CBA61085	258	15.0421	0	0
CBA61087	1254	960	0	0
CBA61089	1302	1008	0	0
CBA61091	276	18.8274	0	0
CBA61093	231	11.3144	0	0
CBA61095	582	288	0	0
CBA61097	1686	1392	28	622.682
CBA61099	678	384	5	403.075
CBA61100	1365	1071	2	57.808
CBA61102	531	237	1	130.617
CBA61104	1080	786	0	0
CBA61106	369	75.5516	0	0
CBA61108	804	510	0	0
CBA61110	891	597	2	103.706
CBA61112	444	150	0	0
CBA61113	201	8.76103	0	0
CBA61115	909	615	2	100.671
CBA61117	489	195	0	0
CBA61119	408	114.009	0	0
CBA61121	219	10.1452	0	0
CBA61123	690	396	0	0
CBA61124	918	624	0	0
CBA61126	930	636	0	0
CBA61128	681	387	1	79.9902
CBA61130	702	408	13	986.349
CBA61132	660	366	0	0
CBA61134	2067	1773	0	0
CBA61136	1956	1662	0	0
CBA61137	1191	897	0	0
CBA61139	375	81.3281	0	0
CBA61141	873	579	1	53.4649
CBA61143	639	345	0	0
CBA61144	735	441	0	0
CBA61146	1257	963	0	0
CBA61148	1194	900	0	0
CBA61150	381	87.1877	0	0
CBA61151	555	261	0	0
CBA61153	7101	6807	403	1832.72
CBA61155	501	207	2	299.094
CBA61156	8133	7839	560	2211.44
CBA61158	561	267	3	347.822
CBA61160	246	13.1582	0	0
CBA61162	270	17.4134	0	0
CBA61164	738	444	0	0
CBA61166	762	468	0	0
CBA61168	924	630	0	0
CBA61170	714	420	0	0
CBA61172	1407	1113	0	0
CBA61174	390	96.0755	1	322.207
CBA61176	471	177	0	0
CBA61179	708	414	0	0
CBA61181	216	9.88688	0	0
CBA61182	501	207	0	0
CBA61183	780	486	0	0
CBA61185	504	210	0	0
CBA61187	702	408	0	0
CBA61189	657	363	0	0
CBA61191	1641	1347	0	0
CBA61193	1323	1029	0	0
CBA61194	1008	714	0	0
CBA61196	1398	1104	0	0
CBA61198	1323	1029	0	0
CBA61202	1023	729	0	0
CBA61204	1404	1110	2	55.7769
CBA61206	426	132.001	0	0
CBA61207	195	8.37643	0	0
CBA61209	357	64.392	11	5288.2
CBA61211	546	252	0	0
CBA61213	1926	1632	1	18.9683
CBA61215	1968	1674	0	0
CBA61217	780	486	2	127.392
CBA61219	876	582	1	53.1893
CBA61220	819	525	0	0
CBA61222	582	288	0	0
CBA61224	1743	1449	1	21.3638
CBA61226	1335	1041	2	59.474
CBA61228	672	378	0	0
CBA61230	798	504	0	0
CBA61232	1029	735	2	84.2345
CBA61234	2394	2100	5	73.7052
CBA61236	609	315	8	786.189
CBA61238	684	390	0	0
CBA61240	2619	2325	0	0
CBA61242	579	285	0	0
CBA61244	477	183	0	0
CBA61245	822	528	6	351.775
CBA61247	2514	2220	9	125.498
CBA61249	1452	1158	221	5907.87
CBA61251	2379	2085	1	14.8471
CBA61253	561	267	0	0
CBA61255	1701	1407	10	220.016
CBA61257	924	630	2	98.2736
CBA61259	1755	1461	3	63.5651
CBA61261	1143	849	0	0
CBA61264	912	618	24	1202.18
CBA61266	1920	1626	37	704.415
CBA61268	780	486	13	828.046
CBA61270	1677	1383	56	1253.47
CBA61272	633	339	4	365.265
CBA61274	873	579	5	267.325
CBA61276	675	381	8	649.999
CBA61278	882	588	1	52.6466
CBA61279	1386	1092	11	311.83
CBA61281	771	477	11	713.874
CBA61283	945	651	49	2330.04
CBA61285	1368	1074	4	115.293
CBA61287	807	513	9	543.091
CBA61289	2127	1833	64	1080.85
CBA61290	378	84.2494	63	23148.4
CBA61292	1995	1701	0	0
CBA61294	873	579	3	160.395
CBA61296	951	657	0	0
CBA61298	816	522	0	0
CBA61300	192	8.19612	0	0
CBA61302	417	123.003	0	0
CBA61304	351	59.0937	0	0
CBA61306	780	486	1	63.6959
CBA61308	882	588	0	0
CBA61309	513	219	0	0
CBA61313	1098	804	11	423.53
CBA61315	1527	1233	0	0
CBA61316	1116	822	2	75.3192
CBA61318	765	471	5	328.622
CBA61320	789	495	0	0
CBA61322	747	453	1	68.336
CBA61324	375	81.3281	0	0
CBA61326	1461	1167	4	106.105
CBA61327	2877	2583	5	59.9229
CBA61329	2067	1773	1	17.4598
CBA61331	816	522	0	0
CBA61332	678	384	2	161.23
CBA61334	723	429	0	0
CBA61336	1152	858	0	0
CBA61338	1176	882	0	0
CBA61340	819	525	1	58.9642
CBA61342	642	348	25	2223.86
CBA61344	1671	1377	11	247.29
CBA61346	735	441	2	140.391
CBA61348	2232	1938	0	0
CBA61350	1062	768	0	0
CBA61352	1614	1320	3	70.355
CBA61354	1986	1692	0	0
CBA61356	435	141	0	0
CBA61358	561	267	0	0
CBA61360	369	75.5516	0	0
CBA61362	567	273	0	0
CBA61364	366	72.7051	0	0
CBA61366	780	486	0	0
CBA61368	1119	825	0	0
CBA61370	2313	2019	2	30.6649
CBA61372	336	47.0146	0	0
CBA61374	429	135.001	0	0
CBA61376	765	471	3	197.173
CBA61377	438	144	0	0
CBA61379	1014	720	8	343.958
CBA61381	363	69.8927	0	0
CBA61383	1017	723	14	599.428
CBA61385	843	549	13	733.025
CBA61387	465	171	4	724.121
CBA61388	1173	879	3	105.653
CBA61390	936	642	25	1205.46
CBA61392	402	108.019	1	286.58
CBA61393	465	171	8	1448.24
CBA61395	2694	2400	9	116.086
CBA61397	699	405	0	0
CBA61399	1008	714	2	86.712
CBA61401	885	591	1	52.3793
CBA61403	1581	1287	0	0
CBA61405	636	342	1	90.5152
CBA61406	261	15.584	0	0
CBA61408	1284	990	2	62.5378
CBA61411	678	384	19	1531.69
CBA61413	444	150	5	1031.87
CBA61414	669	375	2	165.1
CBA61416	378	84.2494	0	0
CBA61418	387	93.1033	0	0
CBA61420	756	462	0	0
CBA61422	720	426	5	363.336
CBA61424	1005	711	8	348.312
CBA61426	897	603	0	0
CBA61428	1356	1062	0	0
CBA61430	1194	900	0	0
CBA61432	816	522	0	0
CBA61434	1341	1047	0	0
CBA61436	1233	939	0	0
CBA61438	1143	849	0	0
CBA61440	795	501	0	0
CBA61442	1023	729	0	0
CBA61444	1377	1083	4	114.335
CBA61447	345	54.0423	6	3436.88
CBA61449	237	11.994	0	0
CBA61451	1011	717	0	0
CBA61453	531	237	0	0
CBA61455	1929	1635	6	113.601
CBA61457	411	117.006	2	529.137
CBA61459	303	27.8014	2	2226.95
CBA61461	693	399	12	931.013
CBA61463	1200	906	0	0
CBA61465	1878	1584	0	0
CBA61467	1407	1113	0	0
CBA61468	849	555	4	223.108
CBA61470	717	423	3	219.547
CBA61472	936	642	1	48.2184
CBA61474	924	630	1	49.1368
CBA61476	771	477	0	0
CBA61478	783	489	0	0
CBA61480	537	243	7	891.742
CBA61482	390	96.0755	2	644.414
CBA61484	387	93.1033	4	1329.97
CBA61486	1443	1149	0	0
CBA61488	816	522	0	0
CBA61490	1185	891	30	1042.3
CBA61492	1128	834	0	0
CBA61494	1194	900	0	0
CBA61496	1926	1632	3	56.9048
CBA61497	996	702	0	0
CBA61499	474	180	0	0
CBA61501	495	201	0	0
CBA61503	540	246	7	880.867
CBA61505	312	32.019	2	1933.62
CBA61506	687	393	2	157.538
CBA61509	885	591	3	157.138
CBA61510	1176	882	14	491.368
CBA61512	855	561	0	0
CBA61514	1236	942	0	0
CBA61516	942	648	40	1910.88
CBA61518	354	61.7147	0	0
CBA61520	921	627	2	98.7438
CBA61521	465	171	0	0
CBA61524	1536	1242	0	0
CBA61526	1368	1074	1	28.8233
CBA61527	225	10.7008	0	0
CBA61529	399	105.028	0	0
CBA61531	444	150	0	0
CBA61533	1032	738	3	125.838
CBA61535	921	627	0	0
CBA61537	1569	1275	5	121.397
CBA61539	1026	732	1	42.2899
CBA61541	945	651	5	237.759
CBA61545	630	336	0	0
CBA61546	327	40.7328	0	0
CBA61548	1290	996	0	0
CBA61551	330	42.7398	0	0
CBA61553	1329	1035	1	29.9094
CBA61555	861	567	8	436.772
CBA61557	981	687	9	405.54
CBA61559	450	156	0	0
CBA61560	930	636	6	292.04
CBA61562	846	552	5	280.4
CBA61564	750	456	0	0
CBA61566	1065	771	0	0
CBA61568	558	264	1	117.258
CBA61569	1023	729	28	1188.99
CBA61571	756	462	2	134.009
CBA61573	888	594	3	156.344
CBA61575	1038	744	0	0
CBA61577	756	462	0	0
CBA61579	888	594	0	0
CBA61581	1581	1287	0	0
CBA61583	1119	825	1	37.5227
CBA61585	540	246	0	0
CBA61587	1044	750	1	41.2749
CBA61589	1161	867	0	0
CBA61591	1131	837	0	0
CBA61593	1443	1149	4	107.767
CBA61595	2442	2148	2	28.8233
CBA61597	1866	1572	0	0
CBA61598	669	375	9	742.949
CBA61600	1476	1182	0	0
CBA61602	414	120.004	0	0
CBA61603	852	558	0	0
CBA61606	858	564	0	0
CBA61608	201	8.76103	0	0
CBA61609	1530	1236	8	200.364
CBA61611	1497	1203	1	25.7325
CBA61613	975	681	9	409.113
CBA61615	1119	825	0	0
CBA61617	351	59.0937	0	0
CBA61619	1506	1212	5	127.707
CBA61621	1098	804	4	154.011
CBA61622	1137	843	1	36.7215
CBA61625	1554	1260	15	368.526
CBA61627	867	573	2	108.05
CBA61628	1143	849	0	0
CBA61631	1239	945	2	65.5158
CBA61633	888	594	0	0
CBA61635	630	336	0	0
CBA61637	465	171	1	181.03
CBA61638	1368	1074	5	144.116
CBA61640	1275	981	8	252.446
CBA61642	720	426	6	436.003
CBA61644	423	129.001	0	0
CBA61646	1743	1449	0	0
CBA61647	1095	801	0	0
CBA61649	492	198	0	0
CBA61650	1071	777	0	0
CBA61652	516	222	0	0
CBA61653	1077	783	4	158.141
CBA61655	942	648	1	47.7719
CBA61656	1251	957	3	97.0414
CBA61658	3549	3255	2	19.0207
CBA61660	1935	1641	0	0
CBA61662	996	702	7	308.68
CBA61664	786	492	0	0
CBA61665	699	405	0	0
CBA61667	474	180	0	0
CBA61669	840	546	0	0
CBA61671	549	255	0	0
CBA61673	1182	888	2	69.7212
CBA61675	264	16.1583	0	0
CBA61677	684	390	0	0
CBA61678	1242	948	0	0
CBA61680	684	390	0	0
CBA61682	2331	2037	2	30.3939
CBA61684	843	549	4	225.546
CBA61686	735	441	0	0
CBA61687	1134	840	0	0
CBA61689	750	456	2	135.773
CBA61691	483	189	2	327.579
CBA61693	705	411	0	0
CBA61694	1488	1194	0	0
CBA61696	1614	1320	14	328.323
CBA61698	831	537	0	0
CBA61700	1728	1434	0	0
CBA61702	1863	1569	0	0
CBA61703	690	396	0	0
CBA61705	687	393	0	0
CBA61707	1908	1614	0	0
CBA61709	690	396	9	703.55
CBA61711	540	246	0	0
CBA61713	1044	750	2	82.5498
CBA61716	837	543	0	0
CBA61718	675	381	1	81.2498
CBA61720	1053	759	2	81.571
CBA61722	849	555	0	0
CBA61724	1662	1368	1	22.6288
CBA61725	1257	963	0	0
CBA61727	2082	1788	0	0
CBA61729	975	681	0	0
CBA61731	1125	831	1	37.2517
CBA61733	975	681	0	0
CBA61736	2040	1746	5	88.6489
CBA61738	2034	1740	0	0
CBA61739	1914	1620	3	57.3263
CBA61741	2220	1926	0	0
CBA61743	831	537	0	0
CBA61745	3468	3174	0	0
CBA61747	3828	3534	0	0
CBA61749	1212	918	0	0
CBA61750	3540	3246	0	0
CBA61752	1254	960	25	806.151
CBA61754	1053	759	0	0
CBA61756	1227	933	1	33.1792
CBA61758	1002	708	0	0
CBA61760	570	276	4	448.64
CBA61761	801	507	9	549.518
CBA61763	906	612	3	151.746
CBA61765	687	393	5	393.845
CBA61767	543	249	0	0
CBA61769	468	174	9	1601.18
CBA61771	1137	843	22	807.872
CBA61773	798	504	3	184.263
CBA61775	1011	717	1	43.1746
CBA61777	798	504	2	122.842
CBA61779	846	552	12	672.961
CBA61781	1191	897	8	276.086
CBA61782	846	552	0	0
CBA61784	1005	711	1	43.5389
CBA61785	228	10.9998	0	0
CBA61788	426	132.001	0	0
CBA61790	207	9.1809	0	0
CBA61792	180	7.54488	0	0
CBA61793	201	8.76103	0	0
CBA61795	1023	729	3	127.392
CBA61797	441	147	2	421.172
CBA61799	906	612	1	50.582
CBA61800	1218	924	3	100.507
CBA61802	1332	1038	0	0
CBA61804	795	501	4	247.155
CBA61806	1455	1161	1	26.6634
CBA61808	210	9.40544	0	0
CBA61810	1395	1101	4	112.466
CBA61812	777	483	1	64.0915
CBA61814	414	120.004	0	0
CBA61816	744	450	0	0
CBA61817	471	177	0	0
CBA61819	765	471	0	0
CBA61821	843	549	0	0
CBA61823	906	612	11	556.402
CBA61825	735	441	4	280.782
CBA61827	1182	888	1	34.8606
CBA61829	552	258	0	0
CBA61831	276	18.8274	0	0
CBA61833	1701	1407	4	88.0062
CBA61834	1188	894	1	34.6266
CBA61836	1188	894	7	242.386
CBA61838	813	519	0	0
CBA61840	561	267	0	0
CBA61842	714	420	0	0
CBA61844	1380	1086	0	0
CBA61846	705	411	0	0
CBA61848	2373	2079	0	0
CBA61850	903	609	0	0
CBA61852	552	258	2	239.97
CBA61854	873	579	2	106.93
CBA61856	981	687	1	45.06
CBA61858	222	10.4162	1	2971.93
CBA61859	870	576	16	859.894
CBA61861	867	573	22	1188.54
CBA61863	1119	825	2	75.0453
CBA61865	444	150	1	206.375
CBA61867	1137	843	3	110.164
CBA61868	1203	909	0	0
CBA61870	1410	1116	1	27.7385
CBA61872	2649	2355	0	0
CBA61873	603	309	0	0
CBA61875	555	261	0	0
CBA61877	1716	1422	1	21.7695
CBA61879	213	9.64054	0	0
CBA61880	600	306	0	0
CBA61882	372	78.4275	0	0
CBA61884	1284	990	35	1094.41
CBA61886	945	651	0	0
CBA61888	1338	1044	5	148.258
CBA61889	978	684	2	90.5152
CBA61891	570	276	5	560.801
CBA61893	594	300	3	309.562
CBA61895	576	282	0	0
CBA61897	972	678	14	639.213
CBA61899	168	6.98871	0	0
CBA61901	585	291	7	744.651
CBA61903	660	366	1	84.5798
CBA61905	1062	768	5	201.538
CBA61906	894	600	5	257.968
CBA61908	489	195	1	158.75
CBA61910	2979	2685	4	46.1172
CBA61912	684	390	1	79.3749
CBA61914	798	504	9	552.789
CBA61916	285	21.2959	1	1453.62
CBA61918	1131	837	9	332.862
CBA61919	414	120.004	2	515.918
CBA61922	330	42.7398	0	0
CBA61923	792	498	0	0
CBA61925	1143	849	4	145.848
CBA61927	1194	900	124	4265.08
CBA61929	1845	1551	1	19.9589
CBA61931	702	408	0	0
CBA61933	1422	1128	0	0
CBA61935	312	32.019	4	3867.23
CBA61937	318	35.2427	1	878.372
CBA61939	291	23.2096	0	0
CBA61941	1287	993	4	124.698
CBA61943	369	75.5516	0	0
CBA61945	1206	912	0	0
CBA61947	567	273	6	680.356
CBA61949	1260	966	0	0
CBA61951	714	420	0	0
CBA61952	1275	981	1	31.5558
CBA61954	789	495	0	0
CBA61956	1221	927	0	0
CBA61958	1392	1098	4	112.773
CBA61960	1281	987	0	0
CBA61962	1197	903	3	102.844
CBA61963	525	231	25	3350.24
CBA61965	177	7.39772	0	0
CBA61967	558	264	8	938.066
CBA61969	1023	729	3	127.392
CBA61971	987	693	3	134.009
CBA61973	930	636	6	292.04
CBA61977	750	456	0	0
CBA61980	225	10.7008	0	0
CBA61981	1239	945	7	229.305
CBA61984	1719	1425	0	0
CBA61986	2001	1707	5	90.6743
CBA61988	249	13.5904	0	0
CBA61990	726	432	0	0
CBA61992	1314	1020	0	0
CBA61994	447	153	0	0
CBA61996	1986	1692	7	128.069
CBA61998	969	675	0	0
CBA62000	522	228	0	0
CBA62001	213	9.64054	0	0
CBA62003	387	93.1033	0	0
CBA62005	1206	912	0	0
CBA62006	618	324	0	0
CBA62008	555	261	0	0
CBA62010	690	396	0	0
CBA62016	363	69.8927	3	1328.73
CBA62018	507	213	1	145.334
CBA62020	1071	777	0	0
CBA62022	1206	912	1	33.9432
CBA62023	216	9.88688	0	0
CBA62025	888	594	1	52.1148
CBA62027	438	144	0	0
CBA62029	1866	1572	5	98.4612
CBA62031	813	519	0	0
CBA62034	1662	1368	6	135.773
CBA62036	867	573	1	54.0248
CBA62037	522	228	7	950.409
CBA62039	459	165	7	1313.29
CBA62040	1059	765	0	0
CBA62042	825	531	32	1865.53
CBA62044	1122	828	1	37.3867
CBA62046	876	582	4	212.757
CBA62048	693	399	0	0
CBA62050	825	531	5	291.49
CBA62052	1068	774	0	0
CBA62054	537	243	1	127.392
CBA62055	606	312	0	0
CBA62057	915	621	2	99.6979
CBA62059	1173	879	1	35.2175
CBA62063	813	519	8	477.167
CBA62064	1341	1047	0	0
CBA62065	1080	786	2	78.7689
CBA62067	675	381	0	0
CBA62069	1248	954	4	129.795
CBA62071	1665	1371	0	0
CBA62073	1251	957	1	32.3471
CBA62075	822	528	7	410.404
CBA62077	1428	1134	15	409.473
CBA62079	672	378	0	0
CBA62081	900	606	0	0
CBA62083	252	14.0473	0	0
CBA62084	384	90.1399	0	0
CBA62087	345	54.0423	0	0
CBA62091	318	35.2427	0	0
CBA62093	570	276	0	0
CBA62094	510	216	0	0
CBA62095	195	8.37643	0	0
CBA62097	375	81.3281	0	0
CBA62099	717	423	0	0
CBA62101	447	153	0	0
CBA62103	525	231	0	0
CBA62105	573	279	23	2551.94
CBA62107	456	162	4	764.35
CBA62108	711	417	0	0
CBA62110	1071	777	0	0
CBA62112	3555	3261	0	0
CBA62114	1281	987	0	0
CBA62116	369	75.5516	0	0
CBA62118	1359	1065	2	58.1337
CBA62120	273	18.0992	33	56442.1
CBA62122	228	10.9998	0	0
CBA62124	516	222	0	0
CBA62125	696	402	0	0
CBA62127	351	59.0937	60	31430.9
CBA62129	906	612	0	0
CBA62131	1293	999	61	1890.22
CBA62133	1293	999	848	26277.1
CBA62135	2190	1896	0	0
CBA62137	768	474	0	0
CBA62139	1017	723	2	85.6326
CBA62140	249	13.5904	0	0
CBA62142	498	204	8	1213.97
CBA62144	1065	771	0	0
CBA62146	1098	804	0	0
CBA62148	936	642	3	144.655
CBA62150	654	360	2	171.979
CBA62151	1209	915	2	67.6638
CBA62153	345	54.0423	0	0
CBA62155	1602	1308	0	0
CBA62158	1101	807	0	0
CBA62159	2088	1794	0	0
CBA62161	786	492	49	3083.04
CBA62163	1296	1002	2	61.7888
CBA62165	771	477	0	0
CBA62167	447	153	0	0
CBA62169	1203	909	7	238.387
CBA62170	441	147	7	1474.1
CBA62172	1080	786	3	118.153
CBA62175	2640	2346	3	39.5859
CBA62177	258	15.0421	0	0
CBA62179	2172	1878	8	131.869
CBA62181	426	132.001	0	0
CBA62182	288	22.2238	0	0
CBA62183	459	165	2	375.227
CBA62185	738	444	0	0
CBA62187	1722	1428	12	260.136
CBA62188	201	8.76103	0	0
CBA62190	1164	870	2	71.1637
CBA62192	423	129.001	2	479.936
CBA62194	837	543	0	0
CBA62196	597	303	0	0
CBA62198	720	426	1	72.6671
CBA62200	540	246	0	0
CBA62202	630	336	0	0
CBA62204	399	105.028	0	0
CBA62206	441	147	0	0
CBA62207	1452	1158	1	26.7325
CBA62209	669	375	0	0
CBA62211	141	5.99709	0	0
CBA62213	321	36.9844	0	0
CBA62215	738	444	6	418.327
CBA62217	1824	1530	6	121.397
CBA62219	4299	4005	0	0
CBA62221	462	168	0	0
CBA62223	1155	861	0	0
CBA62225	282	20.4227	0	0
CBA62226	312	32.019	0	0
CBA62228	1941	1647	0	0
CBA62230	381	87.1877	0	0
CBA62232	1011	717	0	0
CBA62234	906	612	2	101.164
CBA62236	930	636	5	243.366
CBA62238	99	4.92675	0	0
CBA62240	258	15.0421	0	0
CBA62241	846	552	0	0
CBA62243	2112	1818	3	51.0828
CBA62245	744	450	0	0
CBA62247	1248	954	2	64.8977
CBA62249	246	13.1582	0	0
CBA62251	1224	930	0	0
CBA62253	735	441	2	140.391
CBA62255	2412	2118	0	0
CBA62257	1059	765	0	0
CBA62258	1335	1041	0	0
CBA62260	552	258	3	359.956
CBA62262	1047	753	1	41.1105
CBA62264	1542	1248	13	322.46
CBA62266	1782	1488	3	62.4117
CBA62267	549	255	11	1335.37
CBA62269	846	552	9	504.721
CBA62271	930	636	0	0
CBA62273	1446	1152	2	53.7434
CBA62274	453	159	1	194.693
CBA62276	1578	1284	6	144.655
CBA62278	753	459	0	0
CBA62280	1347	1053	1	29.3981
CBA62282	1197	903	311	10661.5
CBA62284	951	657	0	0
CBA62286	768	474	2	130.617
CBA62287	576	282	0	0
CBA62289	372	78.4275	0	0
CBA62291	1899	1605	0	0
CBA62293	1122	828	0	0
CBA62295	333	44.8343	0	0
CBA62297	1059	765	0	0
CBA62299	1071	777	0	0
CBA62301	537	243	0	0
CBA62303	717	423	0	0
CBA62305	717	423	0	0
CBA62307	759	465	0	0
CBA62309	1398	1104	3	84.1201
CBA62311	822	528	13	762.179
CBA62313	1179	885	0	0
CBA62316	201	8.76103	0	0
CBA62318	429	135.001	5	1146.52
CBA62320	786	492	36	2265.09
CBA62321	417	123.003	0	0
CBA62323	507	213	0	0
CBA62325	321	36.9844	0	0
CBA62326	198	8.56458	0	0
CBA62328	441	147	0	0
CBA62331	444	150	0	0
CBA62333	1065	771	0	0
CBA62335	429	135.001	0	0
CBA62336	447	153	0	0
CBA62338	168	6.98871	0	0
CBA62340	2481	2187	0	0
CBA62342	423	129.001	0	0
CBA62345	1530	1236	0	0
CBA62347	327	40.7328	0	0
CBA62348	429	135.001	0	0
CBA62350	1053	759	1	40.7855
CBA62352	699	405	0	0
CBA62354	987	693	0	0
CBA62356	5178	4884	6	38.0297
CBA62358	120	5.40618	0	0
CBA62359	261	15.584	0	0
CBA62361	456	162	11	2101.96
CBA62363	420	126.002	8	1965.44
CBA62365	210	9.40544	0	0
CBA62367	222	10.4162	0	0
CBA62369	408	114.009	7	1900.66
CBA62370	2505	2211	2	28.002
CBA62373	543	249	0	0
CBA62374	1521	1227	2	50.4583
CBA62376	630	336	7	644.921
CBA62378	792	498	1	62.161
CBA62380	1221	927	0	0
CBA62381	732	438	0	0
CBA62383	987	693	2	89.3397
CBA62385	567	273	5	566.963
CBA62387	1068	774	0	0
CBA62389	1161	867	0	0
CBA62391	2097	1803	1	17.1693
CBA62393	345	54.0423	0	0
CBA62395	891	597	2	103.706
CBA62397	1287	993	0	0
CBA62399	444	150	0	0
CBA62401	852	558	4	221.908
CBA62403	477	183	2	338.319
CBA62405	1179	885	3	104.936
CBA62407	864	570	0	0
CBA62410	594	300	0	0
CBA62412	636	342	8	724.121
CBA62414	732	438	0	0
CBA62416	2190	1896	1	16.3271
CBA62417	1977	1683	50	919.673
CBA62419	348	56.5345	11	6023.19
CBA62421	1920	1626	5	95.1912
CBA62423	807	513	1	60.3435
CBA62425	1449	1155	3	80.4057
CBA62427	900	606	7	357.58
CBA62428	1257	963	0	0
CBA62430	780	486	0	0
CBA62432	585	291	18	1914.82
CBA62433	1431	1137	0	0
CBA62435	945	651	2	95.1035
CBA62438	945	651	4	190.207
CBA62440	594	300	0	0
CBA62442	429	135.001	0	0
CBA62444	669	375	0	0
CBA62446	1356	1062	4	116.596
CBA62447	1734	1440	4	85.9894
CBA62450	846	552	0	0
CBA62451	2235	1941	1	15.9486
CBA62453	810	516	1	59.9926
CBA62455	240	12.3615	0	0
CBA62457	177	7.39772	0	0
CBA62459	675	381	4	324.999
CBA62461	555	261	1	118.606
CBA62463	366	72.7051	0	0
CBA62465	135	5.81481	0	0
CBA62467	786	492	2	125.838
CBA62469	1239	945	4	131.032
CBA62471	786	492	13	817.948
CBA62473	825	531	0	0
CBA62475	3120	2826	0	0
CBA62476	615	321	0	0
CBA62479	2130	1836	0	0
CBA62480	291	23.2096	6	8002.59
CBA62482	1392	1098	3	84.5798
CBA62484	1470	1176	2	52.6466
CBA62486	594	300	5	515.937
CBA62488	1398	1104	2	56.0801
CBA62490	372	78.4275	0	0
CBA62491	690	396	1	78.1722
CBA62493	867	573	2	108.05
CBA62496	810	516	0	0
CBA62497	1089	795	0	0
CBA62499	720	426	0	0
CBA62501	585	291	0	0
CBA62503	1350	1056	1	29.3146
CBA62505	744	450	0	0
CBA62507	702	408	0	0
CBA62510	573	279	0	0
CBA62512	804	510	0	0
CBA62514	366	72.7051	0	0
CBA62515	507	213	0	0
CBA62518	786	492	12	755.029
CBA62520	1827	1533	1	20.1932
CBA62522	1167	873	6	212.757
CBA62524	708	414	0	0
CBA62525	1098	804	0	0
CBA62527	576	282	1	109.774
CBA62529	468	174	7	1245.36
CBA62532	492	198	7	1094.41
CBA62534	1092	798	6	232.753
CBA62536	390	96.0755	1	322.207
CBA62538	447	153	0	0
CBA62540	726	432	0	0
CBA62542	1254	960	0	0
CBA62544	678	384	0	0
CBA62546	2562	2268	0	0
CBA62547	1275	981	9	284.002
CBA62549	3042	2748	14	157.71
CBA62551	300	26.5494	0	0
CBA62553	2229	1935	8	127.984
CBA62555	1776	1482	6	125.329
CBA62557	1824	1530	0	0
CBA62559	546	252	68.1754	8374.81
CBA62560	429	135.001	1	229.304
CBA62563	609	315	20	1965.47
CBA62564	213	9.64054	0	0
CBA62566	222	10.4162	0	0
CBA62568	2172	1878	0	0
CBA62569	159	6.62283	0	0
CBA62571	711	417	1	74.2355
CBA62574	771	477	0	0
CBA62577	732	438	1	70.6762
CBA62580	960	666	13	604.25
CBA62582	597	303	0	0
CBA62585	600	306	0	0
CBA62588	468	174	0	0
CBA62591	918	624	0	0
CBA62595	981	687	0	0
CBA62597	657	363	0	0
CBA62600	792	498	2	124.322
CBA62603	2739	2445	3	37.9831
CBA62606	609	315	1	98.2736
CBA62609	591	297	3	312.689
CBA62612	804	510	4	242.794
CBA62614	1203	909	11	374.607
CBA62618	477	183	0	0
CBA62619	906	612	26	1315.13
CBA62621	1545	1251	5	123.726
CBA62625	660	366	0	0
CBA62626	369	75.5516	0	0
CBA62629	876	582	0	0
CBA62632	795	501	0	0
CBA62634	1326	1032	2	59.9926
CBA62637	585	291	0	0
CBA62640	150	6.29398	0	0
CBA62643	900	606	4	204.331
CBA62645	570	276	4	448.64
CBA62650	648	354	29	2535.96
CBA62653	915	621	0	0
CBA62656	849	555	1	55.7769
CBA62658	828	534	0	0
CBA62660	897	603	0	0
CBA62663	2094	1800	3	51.5937
CBA62666	819	525	0	0
CBA62670	2121	1827	1	16.9437
CBA62672	228	10.9998	0	0
CBA62674	441	147	0	0
CBA62676	1032	738	0	0
CBA62678	1209	915	6	202.991
CBA62680	966	672	36	1658.37
CBA62681	969	675	6	275.166
CBA62683	546	252	47.8246	5874.87
CBA62685	1149	855	0	0
CBA62687	1266	972	2	63.6959
CBA62689	1233	939	29	956.049
CBA62691	675	381	3	243.75
CBA62693	1230	936	15	496.093
CBA62694	1005	711	0	0
CBA62696	675	381	0	0
CBA62699	768	474	0	0
CBA62701	1938	1644	3	56.4894
CBA62703	1614	1320	1	23.4517
CBA62705	852	558	14	776.679
CBA62706	909	615	5	251.676
CBA62708	1395	1101	12	337.397
CBA62710	2220	1926	7	112.51
CBA62712	816	522	0	0
CBA62714	1881	1587	0	0
CBA62716	1392	1098	5	140.966
CBA62718	1041	747	6	248.644
CBA62720	654	360	0	0
CBA62722	210	9.40544	0	0
CBA62724	567	273	1	113.393
CBA62726	654	360	7	601.926
CBA62728	945	651	1	47.5518
CBA62730	627	333	0	0
CBA62731	1050	756	0	0
CBA62733	579	285	0	0
CBA62735	606	312	0	0
CBA62737	723	429	0	0
CBA62739	759	465	0	0
CBA62741	669	375	3	247.65
CBA62743	1344	1050	2	58.9642
CBA62744	834	540	1	57.3263
CBA62746	933	639	0	0
CBA62748	483	189	0	0
CBA62750	870	576	0	0
CBA62752	756	462	1	67.0047
CBA62754	822	528	0	0
CBA62756	762	468	0	0
CBA62758	240	12.3615	0	0
CBA62759	996	702	0	0
CBA62762	1689	1395	0	0
CBA62764	1131	837	0	0
CBA62765	708	414	3	224.32
CBA62767	870	576	1	53.7434
CBA62769	507	213	0	0
CBA62771	774	480	0	0
CBA62773	804	510	0	0
CBA62775	678	384	0	0
CBA62777	438	144	0	0
CBA62779	1167	873	0	0
CBA62781	573	279	0	0
CBA62782	573	279	0	0
CBA62784	1959	1665	0	0
CBA62786	2418	2124	0	0
CBA62788	1371	1077	0	0
CBA62790	480	186	0	0
CBA62792	453	159	0	0
CBA62794	975	681	2	90.9139
CBA62795	510	216	2	286.631
CBA62797	693	399	0	0
CBA62799	1254	960	0	0
CBA62801	1443	1149	0	0
CBA62802	1536	1242	0	0
CBA62804	564	270	0	0
CBA62806	891	597	0	0
CBA62808	411	117.006	0	0
CBA62810	348	56.5345	0	0
CBA62812	828	534	1	57.9704
CBA62814	438	144	0	0
CBA62815	1311	1017	0	0
CBA62817	471	177	0	0
CBA62818	828	534	0	0
CBA62819	441	147	0	0
CBA62821	162	6.7404	0	0
CBA62823	867	573	0	0
CBA62825	528	234	2	264.583
CBA62826	768	474	2	130.617
CBA62828	2373	2079	0	0
CBA62830	690	396	0	0
CBA62832	1878	1584	0	0
CBA62834	261	15.584	0	0
CBA62836	420	126.002	0	0
CBA62837	1038	744	0	0
CBA62839	618	324	0	0
CBA62841	1026	732	0	0
CBA62843	1527	1233	1	25.1064
CBA62845	294	24.2569	0	0
CBA62847	183	7.69796	0	0
CBA62849	567	273	0	0
CBA62850	258	15.0421	0	0
CBA62853	864	570	1	54.3091
CBA62855	813	519	0	0
CBA62856	2400	2106	5	73.4952
CBA62858	678	384	1	80.6151
CBA62859	2037	1743	2	35.5206
CBA62861	639	345	0	0
CBA62864	756	462	1	67.0047
CBA62866	1215	921	0	0
CBA62868	540	246	0	0
CBA62870	798	504	0	0
CBA62871	591	297	0	0
CBA62873	1752	1458	9	191.088
CBA62875	840	546	0	0
CBA62877	1857	1563	4	79.2225
CBA62878	1218	924	2	67.0047
CBA62881	495	201	3	462.033
CBA62882	1266	972	5	159.24
CBA62884	753	459	6	404.656
CBA62886	270	17.4134	0	0
CBA62888	1095	801	0	0
CBA62889	951	657	0	0
CBA62891	1185	891	0	0
CBA62892	1479	1185	0	0
CBA62894	951	657	0	0
CBA62896	963	669	0	0
CBA62898	633	339	26	2374.22
CBA62900	1677	1383	0	0
CBA62902	2058	1764	0	0
CBA62904	642	348	0	0
CBA62906	909	615	0	0
CBA62908	600	306	0	0
CBA62909	870	576	4	214.974
CBA62911	1251	957	0	0
CBA62913	312	32.019	0	0
CBA62915	795	501	0	0
CBA62917	789	495	0	0
CBA62919	633	339	2	182.632
CBA62920	303	27.8014	0	0
CBA62922	756	462	0	0
CBA62924	963	669	2	92.5447
CBA62926	408	114.009	0	0
CBA62928	357	64.392	0	0
CBA62930	735	441	0	0
CBA62932	825	531	0	0
CBA62934	1200	906	0	0
CBA62936	813	519	0	0
CBA62937	1269	975	2	63.4999
CBA62939	1182	888	12	418.327
CBA62941	927	633	5	244.52
CBA62942	795	501	0	0
CBA62944	2061	1767	2	35.0381
CBA62946	1545	1251	1	24.7452
CBA62948	369	75.5516	0	0
CBA62950	726	432	0	0
CBA62952	765	471	0	0
CBA62953	1251	957	0	0
CBA62955	885	591	1	52.3793
CBA62957	618	324	1	95.5438
CBA62958	2532	2238	4	55.3283
CBA62960	702	408	6	455.238
CBA62962	1083	789	4	156.939
CBA62964	1101	807	0	0
CBA62966	804	510	0	0
CBA62968	2139	1845	1	16.7784
CBA62970	621	327	6	568.004
CBA62972	570	276	0	0
CBA62973	705	411	4	301.277
CBA62975	1875	1581	0	0
CBA62977	1437	1143	18	487.499
CBA62979	579	285	0	0
CBA62981	579	285	1	108.618
CBA62983	630	336	0	0
CBA62985	2766	2472	6	75.1364
CBA62988	1563	1269	0	0
CBA62990	1137	843	7	257.05
CBA62993	1077	783	0	0
CBA62995	1239	945	0	0
CBA62997	1089	795	0	0
CBA62999	792	498	0	0
CBA63001	555	261	3	355.818
CBA63003	1218	924	7	234.517
CBA63005	981	687	1	45.06
CBA63006	954	660	0	0
CBA63009	957	663	0	0
CBA63011	756	462	0	0
CBA63012	966	672	0	0
CBA63015	1521	1227	7	176.604
CBA63017	600	306	8	809.312
CBA63019	798	504	0	0
CBA63021	987	693	2	89.3397
CBA63023	1731	1437	16	344.676
CBA63025	174	7.25616	0	0
CBA63027	2475	2181	0	0
CBA63029	1458	1164	0	0
CBA63030	2358	2064	3	44.9945
CBA63032	318	35.2427	0	0
CBA63034	756	462	0	0
CBA63036	1272	978	8	253.22
CBA63038	552	258	4	479.941
CBA63040	963	669	0	0
CBA63042	1845	1551	0	0
CBA63044	585	291	4	425.515
CBA63046	981	687	0	0
CBA63048	888	594	0	0
CBA63050	774	480	0	0
CBA63052	726	432	0	0
CBA63054	1404	1110	0	0
CBA63056	825	531	0	0
CBA63058	621	327	6	568.004
CBA63060	333	44.8343	1	690.457
CBA63063	642	348	1	88.9546
CBA63065	933	639	0	0
CBA63067	684	390	0	0
CBA63069	264	16.1583	0	0
CBA63070	474	180	2	343.958
CBA63072	405	111.014	0	0
CBA63074	630	336	0	0
CBA63076	969	675	9	412.749
CBA63077	564	270	9	1031.87
CBA63079	690	396	7	547.205
CBA63082	729	435	1	71.1637
CBA63084	675	381	0	0
CBA63085	837	543	1	57.0096
CBA63087	672	378	1	81.8947
CBA63089	1233	939	5	164.836
CBA63091	318	35.2427	1	878.372
CBA63093	879	585	23	1217.08
CBA63095	369	75.5516	6	2458.41
CBA63097	372	78.4275	6	2368.27
CBA63099	456	162	5	955.438
CBA63101	1266	972	11	350.327
CBA63103	1452	1158	1	26.7325
CBA63105	462	168	0	0
CBA63107	981	687	0	0
CBA63109	666	372	0	0
CBA63111	1104	810	0	0
CBA63113	2484	2190	1	14.1352
CBA63115	1416	1122	0	0
CBA63117	195	8.37643	0	0
CBA63119	804	510	0	0
CBA63120	648	354	0	0
CBA63122	1104	810	0	0
CBA63124	690	396	0	0
CBA63126	1410	1116	0	0
CBA63128	1368	1074	2	57.6465
CBA63130	609	315	0	0
CBA63132	372	78.4275	0	0
CBA63134	339	49.2782	3	1884.58
CBA63136	504	210	0	0
CBA63138	960	666	0	0
CBA63140	471	177	0	0
CBA63142	432	138	0	0
CBA63144	1296	1002	17	525.205
CBA63146	1080	786	7	275.691
CBA63148	543	249	2	248.644
CBA63150	285	21.2959	0	0
CBA63152	765	471	2	131.449
CBA63154	267	16.7672	0	0
CBA63156	810	516	1	59.9926
CBA63158	282	20.4227	0	0
CBA63160	270	17.4134	0	0
CBA63162	324	38.8143	0	0
CBA63164	1620	1326	8	186.764
CBA63166	813	519	37	2206.9
CBA63168	1152	858	0	0
CBA63170	639	345	0	0
CBA63171	1023	729	0	0
CBA63173	621	327	0	0
CBA63175	687	393	0	0
CBA63177	546	252	0	0
CBA63179	1266	972	0	0
CBA63181	1995	1701	1	18.1988
CBA63183	1323	1029	0	0
CBA63185	1287	993	0	0
CBA63187	1050	756	0	0
CBA63188	225	10.7008	0	0
CBA63190	1278	984	0	0
CBA63192	990	696	0	0
CBA63194	741	447	0	0
CBA63196	1152	858	5	180.397
CBA63198	756	462	1	67.0047
CBA63199	2388	2094	5	73.9164
CBA63201	591	297	3	312.689
CBA63203	846	552	0	0
CBA63205	678	384	0	0
CBA63207	717	423	0	0
CBA63210	264	16.1583	0	0
CBA63212	456	162	0	0
CBA63214	462	168	0	0
CBA63216	903	609	2	101.662
CBA63218	813	519	0	0
CBA63219	762	468	1	66.1457
CBA63223	420	126.002	0	0
CBA63225	267	16.7672	0	0
CBA63226	702	408	4	303.492
CBA63229	576	282	3	329.321
CBA63231	465	171	0	0
CBA63232	1017	723	10	428.163
CBA63234	1170	876	12	424.057
CBA63236	4254	3960	2	15.6344
CBA63238	495	201	0	0
CBA63240	378	84.2494	0	0
CBA63242	459	165	2	375.227
CBA63244	1308	1014	0	0
CBA63246	804	510	1	60.6984
CBA63248	612	318	0	0
CBA63250	672	378	1	81.8947
CBA63252	363	69.8927	0	0
CBA63254	702	408	1	75.873
CBA63255	819	525	0	0
CBA63257	1149	855	0	0
CBA63259	1389	1095	0	0
CBA63261	735	441	0	0
CBA63263	1434	1140	0	0
CBA63265	738	444	1	69.7212
CBA63266	1200	906	11	375.848
CBA63268	1077	783	0	0
CBA63270	1164	870	0	0
CBA63272	381	87.1877	1	355.052
CBA63274	669	375	0	0
CBA63276	990	696	1	44.4773
CBA63277	348	56.5345	0	0
CBA63278	957	663	15	700.366
CBA63281	369	75.5516	0	0
CBA63282	246	13.1582	0	0
CBA63283	264	16.1583	0	0
CBA63285	948	654	0	0
CBA63287	1632	1338	4	92.5447
CBA63288	918	624	5	248.046
CBA63290	582	288	0	0
CBA63292	567	273	3	340.178
CBA63294	861	567	6	327.579
CBA63296	891	597	3	155.559
CBA63298	1746	1452	4	85.2788
CBA63300	987	693	0	0
CBA63302	1482	1188	0	0
CBA63304	972	678	1	45.6581
CBA63306	603	309	1	100.182
CBA63307	1245	951	2	65.1024
CBA63309	972	678	0	0
CBA63311	378	84.2494	0	0
CBA63313	660	366	0	0
CBA63314	399	105.028	0	0
CBA63316	498	204	0	0
CBA63318	642	348	0	0
CBA63320	1254	960	4	128.984
CBA63322	651	357	0	0
CBA63324	597	303	0	0
CBA63326	840	546	2	113.393
CBA63328	1086	792	2	78.1722
CBA63330	1698	1404	0	0
CBA63332	465	171	0	0
CBA63334	744	450	0	0
CBA63336	2658	2364	0	0
CBA63338	1266	972	0	0
CBA63340	891	597	0	0
CBA63342	444	150	1	206.375
CBA63344	1818	1524	13	264.062
CBA63346	2703	2409	0	0
CBA63348	699	405	0	0
CBA63350	957	663	0	0
CBA63351	156	6.50937	0	0
CBA63353	1014	720	0	0
CBA63355	1065	771	0	0
CBA63357	1314	1020	0	0
CBA63359	1083	789	0	0
CBA63361	1197	903	0	0
CBA63363	810	516	0	0
CBA63365	534	240	0	0
CBA63367	840	546	0	0
CBA63369	1497	1203	1	25.7325
CBA63371	3438	3144	1	9.84612
CBA63373	747	453	0	0
CBA63375	309	30.5332	0	0
CBA63377	4512	4218	1	7.33907
CBA63379	348	56.5345	0	0
CBA63381	1050	756	1	40.9473
CBA63383	735	441	0	0
CBA63385	492	198	6	938.066
CBA63387	384	90.1399	0	0
CBA63389	384	90.1399	5	1717.12
CBA63391	369	75.5516	1	409.736
CBA63393	459	165	1	187.613
CBA63395	789	495	1	62.5378
CBA63397	453	159	0	0
CBA63399	210	9.40544	0	0
CBA63401	510	216	0	0
CBA63405	207	9.1809	0	0
CBA63406	801	507	0	0
CBA63409	1599	1305	0	0
CBA63411	183	7.69796	0	0
CBA63413	1131	837	0	0
CBA63415	351	59.0937	0	0
CBA63417	450	156	0	0
CBA63419	576	282	0	0
CBA63421	1410	1116	0	0
CBA63422	1434	1140	0	0
CBA63424	1365	1071	0	0
CBA63426	882	588	0	0
CBA63427	654	360	0	0
CBA63429	702	408	0	0
CBA63431	1470	1176	0	0
CBA63433	288	22.2238	0	0
CBA63434	762	468	0	0
CBA63436	630	336	0	0
CBA63438	726	432	0	0
CBA63440	273	18.0992	0	0
CBA63442	552	258	0	0
CBA63444	1104	810	0	0
CBA63446	474	180	0	0
CBA63448	558	264	1	117.258
CBA63450	1176	882	3	105.293
CBA63452	1554	1260	0	0
CBA63453	1203	909	0	0
CBA63455	1359	1065	0	0
CBA63457	633	339	0	0
CBA63459	1158	864	0	0
CBA63461	681	387	21	1679.79
CBA63463	1128	834	1	37.1177
CBA63465	846	552	4	224.32
CBA63467	372	78.4275	2	789.422
CBA63469	261	15.584	0	0
CBA63471	945	651	3	142.655
CBA63472	855	561	2	110.361
CBA63475	1362	1068	0	0
CBA63477	453	159	5	973.465
CBA63478	447	153	0	0
CBA63480	747	453	2	136.672
CBA63482	684	390	1	79.3749
CBA63484	321	36.9844	0	0
CBA63486	426	132.001	1	234.515
CBA63488	462	168	0	0
CBA63490	834	540	0	0
CBA63492	699	405	0	0
CBA63494	2478	2184	0	0
CBA63495	1404	1110	1	27.8885
CBA63497	861	567	2	109.193
CBA63499	600	306	0	0
CBA63501	888	594	0	0
CBA63503	1200	906	34	1161.71
CBA63505	2553	2259	1	13.7035
CBA63507	687	393	0	0
CBA63509	909	615	0	0
CBA63511	672	378	0	0
CBA63513	1038	744	7	291.255
CBA63514	687	393	4	315.076
CBA63516	1041	747	0	0
CBA63518	666	372	0	0
CBA63520	2418	2124	2	29.149
CBA63522	792	498	4	248.644
CBA63524	588	294	1	105.293
CBA63526	1392	1098	3	84.5798
CBA63528	1299	1005	0	0
CBA63530	876	582	1	53.1893
CBA63531	687	393	6	472.614
CBA63533	534	240	1	128.984
CBA63535	633	339	6	547.897
CBA63537	1140	846	0	0
CBA63539	1347	1053	2	58.7962
CBA63541	1281	987	1	31.3639
CBA63543	261	15.584	1	1986.41
CBA63544	951	657	0	0
CBA63546	1968	1674	3	55.477
CBA63548	2844	2550	2	24.2794
CBA63550	723	429	3	216.477
CBA63552	1014	720	1	42.9947
CBA63554	771	477	1	64.8977
CBA63556	291	23.2096	0	0
CBA63558	357	64.392	0	0
CBA63560	1119	825	1.18752	44.559
CBA63561	756	462	0	0
CBA63563	612	318	7	681.426
CBA63566	339	49.2782	1	628.192
CBA63567	1290	996	0	0
CBA63569	1437	1143	0	0
CBA63571	552	258	4	479.941
CBA63573	399	105.028	0	0
CBA63575	486	192	0	0
CBA63577	201	8.76103	0	0
CBA63579	846	552	1	56.0801
CBA63581	165	6.86228	0	0
CBA63583	333	44.8343	0	0
CBA63585	642	348	2	177.909
CBA63587	300	26.5494	0	0
CBA63589	669	375	0	0
CBA63591	1656	1362	1	22.7285
CBA63592	369	75.5516	0	0
CBA63595	795	501	4	247.155
CBA63597	429	135.001	0	0
CBA63598	942	648	0	0
CBA63601	1656	1362	4	90.9139
CBA63602	681	387	0	0
CBA63604	258	15.0421	0	0
CBA63606	372	78.4275	2	789.422
CBA63608	897	603	4	205.348
CBA63609	1428	1134	0	0
CBA63611	2595	2301	0	0
CBA63613	597	303	0	0
CBA63615	405	111.014	0	0
CBA63617	375	81.3281	0	0
CBA63619	864	570	0	0
CBA63621	639	345	0	0
CBA63623	414	120.004	0	0
CBA63625	1218	924	8	268.019
CBA63627	699	405	2	152.87
CBA63628	618	324	23	2197.51
CBA63630	1023	729	0	0
CBA63632	1188	894	0	0
CBA63634	861	567	0	0
CBA63636	1218	924	0	0
CBA63638	1035	741	0	0
CBA63640	765	471	0	0
CBA63642	474	180	3	515.937
CBA63644	558	264	1	117.258
CBA63646	699	405	4	305.74
CBA63648	468	174	1	177.909
CBA63651	216	9.88688	0	0
CBA63654	294	24.2569	0	0
CBA63657	873	579	34	1817.81
CBA63659	579	285	0	0
CBA63664	717	423	0	0
CBA63667	1086	792	0	0
CBA63669	678	384	3	241.845
CBA63673	1293	999	3	92.9615
CBA63676	1194	900	2	68.7915
CBA63679	618	324	3	286.631
CBA63683	1656	1362	1	22.7285
CBA63686	567	273	11	1247.32
CBA63687	714	420	0	0
CBA63689	1665	1371	5	112.896
CBA63692	900	606	1	51.0828
CBA63695	639	345	0	0
CBA63697	999	705	5	219.547
CBA63699	576	282	2	219.547
CBA63701	273	18.0992	0	0
CBA63702	378	84.2494	0	0
CBA63704	1143	849	2	72.9239
CBA63706	477	183	1	169.16
CBA63708	1626	1332	6	139.442
CBA63710	1020	726	11	469.033
CBA63712	579	285	0	0
CBA63714	723	429	0	0
CBA63716	1314	1020	4	121.397
CBA63718	2307	2013	0	0
CBA63719	810	516	0	0
CBA63721	1359	1065	5	145.334
CBA63723	1092	798	0	0
CBA63725	1086	792	2	78.1722
CBA63727	1314	1020	1	30.3492
CBA63729	2292	1998	0	0
CBA63731	825	531	0	0
CBA63733	468	174	0	0
CBA63735	1425	1131	0	0
CBA63737	1371	1077	0	0
CBA63739	1188	894	0	0
CBA63741	1215	921	0	0
CBA63743	672	378	0	0
CBA63745	2217	1923	0	0
CBA63747	471	177	0	0
CBA63748	1422	1128	0	0
CBA63750	1383	1089	0	0
CBA63752	1359	1065	0	0
CBA63754	1041	747	5	207.203
CBA63756	1269	975	0	0
CBA63758	1935	1641	0	0
CBA63760	723	429	0	0
CBA63762	1005	711	0	0
CBA63764	501	207	0	0
CBA63766	312	32.019	0	0
CBA63768	2265	1971	2	31.4117
CBA63769	450	156	0	0
CBA63771	789	495	0	0
CBA63773	1269	975	9	285.749
CBA63775	1083	789	2	78.4694
CBA63777	1596	1302	0	0
CBA63779	771	477	0	0
CBA63780	1146	852	0	0
CBA63782	1377	1083	32	914.68
CBA63784	1347	1053	8	235.185
CBA63786	1413	1119	5	138.321
CBA63788	675	381	5	406.249
CBA63790	765	471	1	65.7244
CBA63792	300	26.5494	0	0
CBA63794	1278	984	2	62.9191
CBA63796	669	375	0	0
CBA63797	2502	2208	0	0
CBA63799	1824	1530	9	182.095
CBA63801	909	615	0	0
CBA63803	1482	1188	14	364.804
CBA63805	894	600	10	515.937
CBA63807	999	705	26	1141.65
CBA63809	513	219	0	0
CBA63811	936	642	8	385.747
CBA63813	1782	1488	0	0
CBA63815	927	633	25	1222.6
CBA63817	546	252	0	0
CBA63818	1053	759	3	122.356
CBA63820	825	531	15	874.469
CBA63822	1056	762	1	40.6249
CBA63824	1005	711	1	43.5389
CBA63826	1155	861	0	0
CBA63827	204	8.96629	0	0
CBA63829	582	288	0	0
CBA63831	1812	1518	3	61.1782
CBA63833	780	486	3	191.088
CBA63835	735	441	4	280.782
CBA63837	204	8.96629	0	0
CBA63839	558	264	5	586.292
CBA63841	705	411	0	0
CBA63843	912	618	5	250.455
CBA63844	714	420	26	1916.34
CBA63846	1194	900	0	0
CBA63848	1059	765	0	0
CBA63850	645	351	0	0
CBA63853	624	330	0	0
CBA63855	1911	1617	1	19.1442
CBA63857	1068	774	4	159.98
CBA63858	996	702	9	396.874
CBA63860	1260	966	3	96.1372
CBA63862	630	336	0	0
CBA63864	1170	876	1	35.3381
CBA63866	1041	747	4	165.763
CBA63868	252	14.0473	0	0
CBA63870	1209	915	4	135.328
CBA63872	1086	792	1	39.0861
CBA63873	1377	1083	4	114.335
CBA63875	429	135.001	7	1605.13
CBA63877	1320	1026	11	331.889
CBA63879	786	492	0	0
CBA63881	960	666	0	0
CBA63883	318	35.2427	0	0
CBA63885	504	210	0	0
CBA63887	1200	906	0	0
CBA63889	969	675	38	1742.72
CBA63891	1131	837	2	73.9694
CBA63893	960	666	4	185.923
CBA63895	924	630	0	0
CBA63897	1593	1299	0	0
CBA63898	726	432	0	0
CBA63900	729	435	3	213.491
CBA63902	1062	768	0	0
CBA63904	750	456	0	0
CBA63906	1191	897	0	0
CBA63908	798	504	0	0
CBA63909	663	369	0	0
CBA63911	669	375	0	0
CBA63913	804	510	0	0
CBA63916	423	129.001	0	0
CBA63918	2178	1884	1	16.4311
CBA63920	3180	2886	5	53.6317
CBA63921	765	471	2	131.449
CBA63924	1494	1200	0	0
CBA63925	543	249	1	124.322
CBA63927	948	654	1	47.3336
CBA63929	492	198	0	0
CBA63930	2301	2007	1	15.4241
CBA63932	894	600	0	0
CBA63934	2286	1992	3	46.6208
CBA63936	681	387	0	0
CBA63938	1884	1590	0	0
CBA63940	822	528	0	0
CBA63942	354	61.7147	0	0
CBA63944	1443	1149	7	188.593
CBA63946	1215	921	5	168.058
CBA63948	516	222	18	2509.96
CBA63950	2100	1806	0	0
CBA63951	540	246	0	0
CBA63953	741	447	0	0
CBA63955	1050	756	0	0
CBA63957	237	11.994	0	0
CBA63959	1104	810	0	0
CBA63961	1431	1137	0	0
CBA63963	1365	1071	21	606.984
CBA63965	654	360	12	1031.87
CBA63966	825	531	2	116.596
CBA63968	1167	873	24	851.029
CBA63970	1365	1071	1	28.904
CBA63972	552	258	1	119.985
CBA63974	498	204	0	0
CBA63976	1278	984	13	408.974
CBA63978	1824	1530	7	141.63
CBA63980	2247	1953	1	15.8506
CBA63982	462	168	0	0
CBA63984	633	339	1	91.3162
CBA63985	339	49.2782	0	0
CBA63987	318	35.2427	0	0
CBA63988	678	384	5	403.075
CBA63991	780	486	0	0
CBA63993	633	339	4	365.265
CBA63994	870	576	8	429.947
CBA63996	873	579	0	0
CBA63998	2022	1728	0	0
CBA64000	777	483	0	0
CBA64002	972	678	0	0
CBA64004	792	498	0	0
CBA64006	1008	714	0	0
CBA64008	705	411	0	0
CBA64010	849	555	0	0
CBA64012	888	594	0	0
CBA64014	804	510	0	0
CBA64015	453	159	1	194.693
CBA64017	1503	1209	0	0
CBA64019	882	588	0	0
CBA64021	672	378	0	0
CBA64023	492	198	0	0
CBA64025	1365	1071	4	115.616
CBA64027	1227	933	1	33.1792
CBA64029	1398	1104	11	308.44
CBA64031	204	8.96629	0	0
CBA64033	1674	1380	0	0
CBA64035	3399	3105	0	0
CBA64037	1197	903	1	34.2815
CBA64039	822	528	0	0
CBA64041	1095	801	4	154.588
CBA64043	357	64.392	20	9614.92
CBA64044	1269	975	0	0
CBA64046	1383	1089	0	0
CBA64048	687	393	1	78.7689
CBA64050	1536	1242	2	49.8489
CBA64052	1050	756	2	81.8947
CBA64054	1035	741	6	250.657
CBA64056	348	56.5345	0	0
CBA64059	1794	1500	7	144.462
CBA64061	1392	1098	2	56.3865
CBA64063	1143	849	0	0
CBA64064	1044	750	0	0
CBA64067	558	264	0	0
CBA64069	1527	1233	0	0
CBA64070	966	672	0	0
CBA64072	1920	1626	1	19.0382
CBA64074	918	624	0	0
CBA64076	1779	1485	2	41.6918
CBA64078	741	447	0	0
CBA64079	1062	768	5	201.538
CBA64081	1254	960	0	0
CBA64083	2121	1827	0	0
CBA64085	1368	1074	8	230.586
CBA64087	648	354	0	0
CBA64089	687	393	0	0
CBA64091	1077	783	0	0
CBA64092	1407	1113	0	0
CBA64094	303	27.8014	0	0
CBA64096	447	153	0	0
CBA64098	2904	2610	0	0
CBA64100	423	129.001	0	0
CBA64102	1239	945	1	32.7579
CBA64104	1386	1092	2	56.6963
CBA64106	702	408	0	0
CBA64108	324	38.8143	0	0
CBA64110	2070	1776	5	87.1514
CBA64112	693	399	1	77.5844
CBA64114	201	8.76103	0	0
CBA64116	378	84.2494	0	0
CBA64118	495	201	0	0
CBA64121	189	8.02321	0	0
CBA64123	351	59.0937	0	0
CBA64125	201	8.76103	0	0
CBA64126	822	528	0	0
CBA64128	672	378	0	0
CBA64132	201	8.76103	0	0
CBA64134	813	519	0	0
CBA64136	792	498	0	0
CBA64138	696	402	0	0
CBA64140	732	438	2	141.352
CBA64142	801	507	0	0
CBA64143	717	423	0	0
CBA64145	1581	1287	0	0
CBA64147	1503	1209	5	128.024
CBA64148	666	372	0	0
CBA64150	447	153	0	0
CBA64152	921	627	8	394.975
CBA64154	813	519	0	0
CBA64156	1032	738	0	0
CBA64158	1053	759	0	0
CBA64160	1275	981	0	0
CBA64161	276	18.8274	0	0
CBA64163	459	165	0	0
CBA64165	2925	2631	5	58.8297
CBA64167	651	357	42	3641.91
CBA64169	573	279	1	110.954
CBA64171	1152	858	0	0
CBA64173	423	129.001	0	0
CBA64175	2139	1845	0	0
CBA64177	1425	1131	0	0
CBA64179	1500	1206	57	1463.1
CBA64181	1158	864	6	214.974
CBA64183	921	627	4	197.488
CBA64185	1119	825	1	37.5227
CBA64187	1308	1014	5	152.644
CBA64189	276	18.8274	0	0
CBA64191	1497	1203	1	25.7325
CBA64193	1392	1098	3	84.5798
CBA64194	1545	1251	2	49.4903
CBA64196	1404	1110	10	278.885
CBA64198	873	579	4	213.86
CBA64199	600	306	0	0
CBA64200	1080	786	3	118.153
CBA64201	1146	852	3	109.001
CBA64203	1548	1254	3	74.0579
CBA64205	1050	756	10	409.473
CBA64208	1287	993	1	31.1744
CBA64210	318	35.2427	1	878.372
CBA64212	948	654	0	0
CBA64214	372	78.4275	2	789.422
CBA64216	1695	1401	0	0
CBA64218	822	528	3	175.887
CBA64220	486	192	0	0
CBA64222	771	477	0	0
CBA64225	564	270	0	0
CBA64227	225	10.7008	0	0
CBA64229	1092	798	4	155.169
CBA64230	459	165	0	0
CBA64232	1086	792	0	0
CBA64234	201	8.76103	0	0
CBA64236	333	44.8343	2	1380.91
CBA64238	837	543	0	0
CBA64240	1302	1008	0	0
CBA64242	915	621	0	0
CBA64244	1500	1206	3	77.0055
CBA64246	429	135.001	1	229.304
CBA64248	309	30.5332	1	1013.85
CBA64249	1023	729	14	594.495
CBA64251	507	213	2	290.668
CBA64253	702	408	1	75.873
CBA64255	1071	777	11	438.247
CBA64257	576	282	4	439.095
CBA64259	1830	1536	10	201.538
CBA64261	1260	966	6	192.274
CBA64263	2001	1707	3	54.4046
CBA64265	1896	1602	0	0
CBA64267	1809	1515	0	0
CBA64268	420	126.002	0	0
CBA64270	1023	729	0	0
CBA64273	1023	729	3	127.392
CBA64275	375	81.3281	1	380.634
CBA64277	528	234	0	0
CBA64279	1035	741	5	208.881
CBA64281	375	81.3281	14	5328.87
CBA64283	483	189	0	0
CBA64285	705	411	0	0
CBA64286	1017	723	7	299.714
CBA64288	507	213	0	0
CBA64290	669	375	0	0
CBA64292	507	213	13	1889.35
CBA64294	1038	744	0	0
CBA64296	861	567	0	0
CBA64298	210	9.40544	0	0
CBA64300	267	16.7672	3	5538.69
CBA64302	573	279	9	998.587
CBA64304	1191	897	0	0
CBA64306	432	138	1	224.32
CBA64308	2229	1935	3	47.9941
CBA64310	486	192	9	1451.07
CBA64312	1248	954	3	97.3465
CBA64314	3135	2841	2	21.7925
CBA64315	1299	1005	5	154.011
CBA64317	828	534	0	0
CBA64319	270	17.4134	0	0
CBA64321	2643	2349	16	210.855
CBA64323	843	549	0	0
CBA64325	639	345	0	0
CBA64327	1293	999	8	247.897
CBA64329	357	64.392	0	0
CBA64331	360	67.1199	0	0
CBA64332	2040	1746	3	53.1893
CBA64334	1014	720	23	988.878
CBA64336	546	252	6	737.052
CBA64337	837	543	2	114.019
CBA64339	1170	876	0	0
CBA64341	1137	843	0	0
CBA64343	1464	1170	0	0
CBA64345	1263	969	0	0
CBA64347	1209	915	0	0
CBA64348	894	600	0	0
CBA64350	1059	765	0	0
CBA64352	540	246	0	0
CBA64354	720	426	0	0
CBA64356	1077	783	0	0
CBA64358	198	8.56458	0	0
CBA64360	768	474	3	195.925
CBA64362	1548	1254	1	24.686
CBA64364	2067	1773	6	104.759
CBA64366	879	585	1	52.9166
CBA64368	600	306	3	303.492
CBA64370	774	480	1	64.4921
CBA64372	1380	1086	6	171.029
CBA64374	894	600	1	51.5937
CBA64376	402	108.019	0	0
CBA64378	720	426	7	508.67
CBA64380	462	168	0	0
CBA64382	1017	723	1	42.8163
CBA64384	1308	1014	0	0
CBA64386	243	12.7491	0	0
CBA64388	564	270	6	687.915
CBA64390	498	204	0	0
CBA64392	444	150	4	825.498
CBA64394	180	7.54488	0	0
CBA64396	351	59.0937	3	1571.55
CBA64398	1299	1005	0	0
CBA64400	759	465	0	0
CBA64402	948	654	1	47.3336
CBA64403	2409	2115	1	14.6365
CBA64406	807	513	0	0
CBA64407	1014	720	0	0
CBA64410	1476	1182	0	0
CBA64411	738	444	0	0
CBA64413	1110	816	0	0
CBA64415	768	474	0	0
CBA64417	1374	1080	2	57.3263
CBA64419	936	642	0	0
CBA64421	1155	861	0	0
CBA64423	1848	1554	18	358.566
CBA64424	621	327	0	0
CBA64426	1047	753	12	493.326
CBA64428	1176	882	0	0
CBA64430	1314	1020	2	60.6984
CBA64432	1413	1119	0	0
CBA64434	1806	1512	5	102.368
CBA64436	252	14.0473	0	0
CBA64438	1020	726	0	0
CBA64439	954	660	0	0
CBA64441	777	483	0	0
CBA64443	522	228	0	0
CBA64445	309	30.5332	1	1013.85
CBA64446	993	699	0	0
CBA64448	1302	1008	0	0
CBA64450	1185	891	2	69.4864
CBA64452	906	612	0	0
CBA64454	837	543	0	0
CBA64456	708	414	6	448.64
CBA64458	840	546	0	0
CBA64460	675	381	2	162.5
CBA64462	372	78.4275	1	394.711
CBA64464	1059	765	2	80.9312
CBA64465	1179	885	0	0
CBA64468	1065	771	0	0
CBA64469	1263	969	5	159.733
CBA64471	318	35.2427	0	0
CBA64473	456	162	0	0
CBA64475	1890	1596	0	0
CBA64477	1362	1068	0	0
CBA64479	945	651	9	427.966
CBA64481	2688	2394	5	64.6537
CBA64483	1884	1590	0	0
CBA64485	1413	1119	0	0
CBA64487	951	657	1	47.1175
CBA64489	705	411	0	0
CBA64492	1290	996	27	839.174
CBA64493	339	49.2782	0	0
CBA64495	1317	1023	0	0
CBA64500	1104	810	94	3592.45
CBA64501	2640	2346	0	0
CBA64503	648	354	2	174.894
CBA64506	909	615	0	0
CBA64507	1401	1107	1	27.964
CBA64509	720	426	0	0
CBA64511	789	495	0	0
CBA64513	1353	1059	0	0
CBA64515	1506	1212	0	0
CBA64517	816	522	0	0
CBA64519	483	189	0	0
CBA64521	381	87.1877	53	18817.8
CBA64523	1218	924	2	67.0047
CBA64525	1629	1335	2	46.3763
CBA64526	996	702	11	485.069
CBA64528	687	393	0	0
CBA64530	2421	2127	1	14.5539
CBA64532	351	59.0937	0	0
CBA64534	573	279	0	0
CBA64536	690	396	1	78.1722
CBA64538	564	270	0	0
CBA64540	2004	1710	2	36.2061
CBA64542	312	32.019	0	0
CBA64544	819	525	3	176.893
CBA64546	525	231	1	134.009
CBA64548	1143	849	0	0
CBA64550	2388	2094	4	59.1331
CBA64552	684	390	0	0
CBA64553	1311	1017	0	0
CBA64555	729	435	0	0
CBA64557	1842	1548	1	19.9975
CBA64559	885	591	0	0
CBA64561	918	624	10	496.093
CBA64562	1371	1077	0	0
CBA64565	1209	915	9	304.487
CBA64567	1419	1125	0	0
CBA64569	1116	822	2	75.3192
CBA64571	2307	2013	0	0
CBA64573	1050	756	0	0
CBA64575	1749	1455	1	21.2757
CBA64577	810	516	1	59.9926
CBA64578	918	624	0	0
CBA64580	1311	1017	4	121.755
CBA64582	741	447	0	0
CBA64584	1260	966	0	0
CBA64586	288	22.2238	0	0
CBA64587	1920	1626	0	0
CBA64589	525	231	0	0
CBA64591	498	204	0	0
CBA64593	555	261	0	0
CBA64595	2070	1776	0	0
CBA64597	1644	1350	10	229.305
CBA64599	351	59.0937	0	0
CBA64601	189	8.02321	0	0
CBA64603	477	183	0	0
CBA64605	762	468	0	0
CBA64607	1929	1635	0	0
CBA64609	453	159	0	0
CBA64611	309	30.5332	0	0
CBA64613	1107	813	0	0
CBA64615	2679	2385	0	0
CBA64617	2337	2043	0	0
CBA64619	717	423	0	0
CBA64621	657	363	5	426.394
CBA64623	630	336	0	0
CBA64625	642	348	16	1423.27
CBA64627	672	378	7	573.263
CBA64629	921	627	5	246.86
CBA64631	738	444	0	0
CBA64633	2016	1722	0	0
CBA64634	753	459	0	0
CBA64637	1032	738	1	41.9461
CBA64638	1326	1032	0	0
CBA64640	702	408	1	75.873
CBA64642	753	459	0	0
CBA64644	930	636	2	97.3465
CBA64646	441	147	0	0
CBA64648	2526	2232	0	0
CBA64650	1242	948	0	0
CBA64652	267	16.7672	0	0
CBA64654	618	324	0	0
CBA64656	882	588	0	0
CBA64658	831	537	1	57.6465
CBA64660	1035	741	14	584.867
CBA64662	1776	1482	0	0
CBA64663	1770	1476	0	0
CBA64665	1212	918	1	33.7213
CBA64667	534	240	1	128.984
CBA64669	912	618	7	350.636
CBA64671	447	153	2	404.656
CBA64673	780	486	0	0
CBA64675	483	189	0	0
CBA64677	1422	1128	19	521.425
CBA64679	771	477	0	0
CBA64681	1203	909	2	68.1104
CBA64683	747	453	4	273.344
CBA64685	1392	1098	28	789.411
CBA64687	2631	2337	51	675.552
CBA64688	1002	708	1	43.7234
CBA64690	699	405	0	0
CBA64693	1404	1110	4	111.554
CBA64694	1077	783	16	632.566
CBA64696	843	549	0	0
CBA64699	573	279	0	0
CBA64700	336	47.0146	12	7901.25
CBA64702	801	507	0	0
CBA64704	1119	825	5.14521	193.062
CBA64706	3108	2814	25	275.019
CBA64708	528	234	2	264.583
CBA64710	786	492	0	0
CBA64712	258	15.0421	0	0
CBA64714	459	165	2	375.227
CBA64716	705	411	1	75.3192
CBA64718	609	315	0	0
CBA64720	1041	747	32	1326.1
CBA64722	1365	1071	1	28.904
CBA64723	270	17.4134	0	0
CBA64725	1941	1647	1	18.7955
CBA64727	1494	1200	0	0
CBA64729	1296	1002	0	0
CBA64731	1446	1152	1	26.8717
CBA64733	1140	846	0	0
CBA64735	651	357	1	86.712
CBA64737	1020	726	4	170.558
CBA64739	615	321	1	96.4367
CBA64741	1326	1032	0	0
CBA64743	1341	1047	1	29.5666
CBA64745	201	8.76103	0	0
CBA64747	933	639	0	0
CBA64749	933	639	0	0
CBA64751	1290	996	1	31.0805
CBA64753	693	399	0	0
CBA64755	759	465	0	0
CBA64756	462	168	0	0
CBA64758	264	16.1583	0	0
CBA64761	774	480	4	257.968
CBA64762	723	429	0	0
CBA64764	873	579	0	0
CBA64766	1275	981	3	94.6673
CBA64768	1161	867	10	357.05
CBA64770	354	61.7147	0	0
CBA64772	675	381	0	0
CBA64774	699	405	0	0
CBA64776	705	411	0	0
CBA64778	1227	933	2	66.3584
CBA64780	1131	837	3	110.954
CBA64782	1356	1062	0	0
CBA64784	969	675	2	91.7221
CBA64786	1374	1080	2	57.3263
CBA64788	1980	1686	1	18.3607
CBA64790	348	56.5345	0	0
CBA64792	936	642	0	0
CBA64794	747	453	0	0
CBA64796	1302	1008	0	0
CBA64798	1266	972	0	0
CBA64799	1098	804	11	423.53
CBA64801	2280	1986	21	327.331
CBA64803	1455	1161	1	26.6634
CBA64805	939	645	0	0
CBA64807	492	198	0	0
CBA64810	882	588	1	52.6466
CBA64812	495	201	0	0
CBA64814	972	678	0	0
CBA64816	978	684	0	0
CBA64817	1596	1302	1	23.7759
CBA64819	960	666	1	46.4808
CBA64821	813	519	2	119.292
CBA64823	903	609	0	0
CBA64825	1179	885	0	0
CBA64827	657	363	0	0
CBA64829	666	372	0	0
CBA64831	783	489	1	63.3051
CBA64833	1335	1041	1	29.737
CBA64835	927	633	0	0
CBA64837	3540	3246	51	486.373
CBA64839	570	276	41	4598.56
CBA64841	609	315	0	0
CBA64842	1764	1470	1	21.0586
CBA64844	468	174	0	0
CBA64846	462	168	0	0
CBA64848	222	10.4162	0	0
CBA64850	1188	894	2	69.2532
CBA64852	933	639	0	0
CBA64854	528	234	2	264.583
CBA64855	1155	861	10	359.538
CBA64857	1245	951	41	1334.6
CBA64859	390	96.0755	1	322.207
CBA64861	1002	708	2	87.4469
CBA64863	1191	897	0	0
CBA64865	1122	828	0	0
CBA64867	486	192	0	0
CBA64869	669	375	0	0
CBA64871	2025	1731	4	71.5337
CBA64873	1188	894	29	1004.17
CBA64875	1272	978	161	5096.06
CBA64877	654	360	0	0
CBA64879	1344	1050	18	530.678
CBA64881	1365	1071	0	0
CBA64883	1866	1572	1	19.6922
CBA64885	1218	924	0	0
CBA64887	864	570	0	0
CBA64889	1923	1629	0	0
CBA64891	849	555	0	0
CBA64893	882	588	2	105.293
CBA64895	864	570	1	54.3091
CBA64897	1962	1668	17	315.501
CBA64900	1014	720	0	0
CBA64902	945	651	1	47.5518
CBA64904	321	36.9844	0	0
CBA64906	1992	1698	0	0
CBA64908	2544	2250	0	0
CBA64910	678	384	0	0
CBA64912	939	645	9	431.947
CBA64913	1374	1080	3	85.9894
CBA64915	1323	1029	0	0
CBA64917	705	411	0	0
CBA64919	1065	771	0	0
CBA64921	699	405	0	0
CBA64923	1098	804	0	0
CBA64925	1245	951	14	455.717
CBA64927	789	495	11	687.915
CBA64928	474	180	9	1547.81
CBA64931	441	147	5	1052.93
CBA64933	294	24.2569	0	0
CBA64934	402	108.019	0	0
CBA64936	2121	1827	0	0
CBA64938	1254	960	0	0
CBA64940	1443	1149	5	134.709
CBA64941	1506	1212	3	76.6242
CBA64943	870	576	26	1397.33
CBA64945	807	513	3	181.03
CBA64947	1233	939	3	98.9016
CBA64949	1788	1494	6	124.322
CBA64951	1263	969	1	31.9465
CBA64953	1557	1263	0	0
CBA64955	615	321	0	0
CBA64957	450	156	1	198.437
CBA64959	2208	1914	0	0
CBA64961	513	219	14	1978.93
CBA64963	2451	2157	2	28.703
CBA64965	1665	1371	0	0
CBA64967	498	204	2	303.492
CBA64969	1380	1086	3	85.5143
CBA64970	147	6.19169	0	0
CBA64972	579	285	0	0
CBA64974	1431	1137	0	0
CBA64976	666	372	15	1248.23
CBA64978	1713	1419	15	327.232
CBA64980	261	15.584	1	1986.41
CBA64982	1212	918	6	202.328
CBA64984	1734	1440	1	21.4974
CBA64986	399	105.028	0	0
CBA64988	1548	1254	3	74.0579
CBA64990	906	612	11	556.402
CBA64992	645	351	0	0
CBA64993	471	177	2	349.787
CBA64995	789	495	0	0
CBA64997	957	663	7	326.838
CBA64998	966	672	11	506.723
CBA65000	2112	1818	2	34.0552
CBA65001	708	414	5	373.867
CBA65003	1914	1620	1	19.1088
CBA65005	1092	798	0	0
CBA65007	1344	1050	0	0
CBA65009	753	459	0	0
CBA65011	909	615	0	0
CBA65013	750	456	3	203.659
CBA65015	1191	897	1	34.5108
CBA65017	840	546	0	0
CBA65019	1158	864	1	35.8289
CBA65021	723	429	1	72.159
CBA65023	1074	780	0	0
CBA65025	1707	1413	0	0
CBA65026	1560	1266	0	0
CBA65028	1056	762	0	0
CBA65030	699	405	26	1987.31
CBA65032	2028	1734	3	53.5574
CBA65033	1059	765	2	80.9312
CBA65035	531	237	0	0
CBA65037	1578	1284	0	0
CBA65039	2412	2118	13	190.005
CBA65041	396	102.039	0	0
CBA65043	1836	1542	1	20.0754
CBA65045	708	414	0	0
CBA65047	1872	1578	9	176.556
CBA65049	2346	2052	1	15.0859
CBA65051	2277	1983	749	11692.5
CBA65053	1590	1296	1	23.886
CBA65055	1602	1308	0	0
CBA65056	1881	1587	0	0
CBA65058	5964	5670	0	0
CBA65060	1434	1140	0	0
CBA65062	1896	1602	1	19.3235
CBA65064	381	87.1877	0	0
CBA65066	294	24.2569	0	0
CBA65067	1140	846	2	73.1825
CBA65069	486	192	0	0
CBA65071	1026	732	0	0
CBA65073	1020	726	0	0
CBA65075	603	309	2	200.364
CBA65077	510	216	0	0
CBA65079	630	336	0	0
CBA65081	324	38.8143	0	0
CBA65082	855	561	1	55.1804
CBA65084	1437	1143	1	27.0833
CBA65086	1383	1089	1	28.4263
CBA65088	906	612	0	0
CBA65090	666	372	1	83.2156
CBA65092	549	255	3	364.191
CBA65094	309	30.5332	2	2027.71
CBA65096	1791	1497	0	0
CBA65098	1767	1473	3	63.0472
CBA65100	1113	819	54	2041.07
CBA65102	828	534	3	173.911
CBA65104	510	216	5	716.579
CBA65105	648	354	2	174.894
CBA65107	1173	879	0	0
CBA65109	1377	1083	5	142.919
CBA65111	834	540	2	114.653
CBA65113	537	243	0	0
CBA65115	1119	825	2.30984	86.6712
CBA65117	1095	801	1	38.6469
CBA65119	447	153	0	0
CBA65121	1191	897	122	4210.32
CBA65123	1014	720	4	171.979
CBA65124	663	369	43	3607.36
CBA65127	2955	2661	0	0
CBA65130	1179	885	1	34.9787
CBA65133	2775	2481	0	0
CBA65134	1257	963	1	32.1456
CBA65137	1503	1209	0	0
CBA65140	1191	897	0	0
CBA65143	1089	795	0	0
CBA65146	699	405	0	0
CBA65149	1506	1212	0	0
CBA65152	1272	978	4	126.61
CBA65155	1605	1311	0	0
CBA65158	927	633	16	782.463
CBA65160	999	705	4	175.638
CBA65163	438	144	0	0
CBA65168	588	294	0	0
CBA65171	621	327	0	0
CBA65173	768	474	0	0
CBA65176	822	528	0	0
CBA65179	1926	1632	2	37.9365
CBA65182	786	492	0	0
CBA65185	231	11.3144	0	0
CBA65188	1149	855	12	434.473
CBA65191	1515	1221	4	101.413
CBA65194	1191	897	1	34.5108
CBA65197	1020	726	3	127.918
CBA65200	585	291	2	212.757
CBA65203	681	387	4	319.961
CBA65206	1290	996	3	93.2415
CBA65208	1602	1308	0	0
CBA65211	678	384	0	0
CBA65213	696	402	0	0
CBA65216	1200	906	0	0
CBA65219	2046	1752	0	0
CBA65220	810	516	0	0
CBA65223	534	240	0	0
CBA65226	2076	1782	7	121.601
CBA65229	747	453	0	0
CBA65232	396	102.039	0	0
CBA65234	1023	729	1	42.4639
CBA65237	615	321	0	0
CBA65240	1350	1056	2	58.6292
CBA65243	1383	1089	0	0
CBA65246	1215	921	0	0
CBA65249	1914	1620	0	0
CBA65252	975	681	7	318.199
CBA65255	276	18.8274	0	0
CBA65258	1164	870	2	71.1637
CBA65259	2280	1986	6	93.5232
CBA65262	1341	1047	1	29.5666
CBA65265	783	489	0	0
CBA65268	1023	729	0	0
CBA65271	1014	720	0	0
CBA65274	939	645	0	0
CBA65277	492	198	4	625.378
CBA65280	318	35.2427	0	0
CBA65283	732	438	0	0
CBA65287	1311	1017	1	30.4387
CBA65288	1314	1020	0	0
CBA65291	312	32.019	0	0
CBA65295	705	411	0	0
CBA65298	1272	978	0	0
CBA65301	1146	852	0	0
CBA65303	1719	1425	1	21.7236
CBA65307	990	696	0	0
CBA65310	1122	828	0	0
CBA65313	669	375	18	1485.9
CBA65316	1374	1080	9	257.968
CBA65317	1779	1485	11	229.305
CBA65320	324	38.8143	0	0
CBA65325	978	684	4	181.03
CBA65326	564	270	3	343.958
CBA65329	492	198	0	0
CBA65332	1926	1632	11	208.651
CBA65335	312	32.019	0	0
CBA65338	276	18.8274	0	0
CBA65341	1410	1116	10	277.385
CBA65344	663	369	0	0
CBA65346	2220	1926	12	192.873
CBA65349	2655	2361	2	26.223
CBA65352	201	8.76103	0	0
CBA65355	591	297	0	0
CBA65358	930	636	0	0
CBA65361	1392	1098	0	0
CBA65364	1137	843	0	0
CBA65367	564	270	0	0
CBA65370	780	486	4	254.783
CBA65373	174	7.25616	0	0
CBA65376	429	135.001	0	0
CBA65379	279	19.6009	0	0
CBA65382	981	687	5	225.3
CBA65386	552	258	0	0
CBA65389	2322	2028	0	0
CBA65392	702	408	0	0
CBA65393	915	621	0	0
CBA65397	1878	1584	0	0
CBA65399	738	444	0	0
CBA65402	918	624	0	0
CBA65404	1917	1623	0	0
CBA65406	747	453	0	0
CBA65409	852	558	0	0
CBA65412	1005	711	0	0
CBA65415	693	399	0	0
CBA65419	960	666	2	92.9615
CBA65422	879	585	0	0
CBA65424	783	489	1	63.3051
CBA65427	630	336	0	0
CBA65431	627	333	1	92.9615
CBA65434	972	678	0	0
CBA65437	2100	1806	0	0
CBA65440	741	447	5	346.266
CBA65444	1197	903	4	137.126
CBA65448	1119	825	2.14063	80.3221
CBA65451	1131	837	0	0
CBA65454	894	600	3	154.781
CBA65457	903	609	0	0
CBA65460	1161	867	0	0
CBA65463	306	29.1283	0	0
CBA65466	975	681	2	90.9139
CBA65469	777	483	12	769.098
CBA65472	1146	852	20	726.671
CBA65475	870	576	1	53.7434
CBA65480	1389	1095	0	0
CBA65483	1278	984	0	0
CBA65486	336	47.0146	0	0
CBA65489	2601	2307	0	0
CBA65492	1116	822	0	0
CBA65495	321	36.9844	0	0
CBA65498	462	168	0	0
CBA65501	1965	1671	0	0
CBA65504	873	579	0	0
CBA65507	468	174	0	0
CBA65510	933	639	3	145.334
CBA65513	945	651	0	0
CBA65516	1437	1143	0	0
CBA65519	1401	1107	0	0
CBA65522	1347	1053	0	0
CBA65525	708	414	0	0
CBA65528	747	453	0	0
CBA65531	471	177	0	0
CBA65534	600	306	0	0
CBA65538	1185	891	0	0
CBA65541	1578	1284	0	0
CBA65544	837	543	20	1140.19
CBA65545	1275	981	0	0
CBA65548	318	35.2427	1	878.372
CBA65551	753	459	0	0
CBA65554	882	588	3	157.94
CBA65557	1356	1062	0	0
CBA65560	510	216	3	429.947
CBA65563	1410	1116	0	0
CBA65566	1131	837	0	0
CBA65569	804	510	0	0
CBA65571	927	633	6	293.424
CBA65574	981	687	5	225.3
CBA65577	1032	738	12	503.353
CBA65580	852	558	0	0
CBA65583	921	627	0	0
CBA65586	915	621	0	0
CBA65589	1107	813	0	0
CBA65592	1347	1053	2	58.7962
CBA65595	309	30.5332	0	0
CBA65598	309	30.5332	0	0
CBA65600	1161	867	1	35.705
CBA65603	1020	726	0	0
CBA65606	690	396	0	0
CBA65608	1908	1614	111	2128.96
CBA65611	753	459	33	2225.61
CBA65614	1155	861	0	0
CBA65617	468	174	0	0
CBA65620	489	195	0	0
CBA65623	1332	1038	1	29.8229
CBA65626	1587	1293	0	0
CBA65629	786	492	4	251.676
CBA65632	1200	906	1	34.168
CBA65635	1365	1071	0	0
CBA65638	1551	1257	0	0
CBA65640	1227	933	27	895.838
CBA65642	387	93.1033	0	0
CBA65645	495	201	1	154.011
CBA65648	810	516	0	0
CBA65651	780	486	0	0
CBA65654	2079	1785	0	0
CBA65657	522	228	0	0
CBA65659	567	273	0	0
CBA65662	2064	1770	0	0
CBA65665	3336	3042	0	0
CBA65668	429	135.001	0	0
CBA65671	1185	891	0	0
CBA65674	1464	1170	1	26.4583
CBA65677	870	576	2	107.487
CBA65680	1917	1623	0	0
CBA65683	957	663	0	0
CBA65686	753	459	2	134.885
CBA65689	618	324	0	0
CBA65692	1458	1164	0	0
CBA65695	354	61.7147	0	0
CBA65698	1248	954	3	97.3465
CBA65702	318	35.2427	0	0
CBA65704	1995	1701	0	0
CBA65707	1155	861	0	0
CBA65711	2616	2322	0	0
CBA65714	1926	1632	0	0
CBA65717	756	462	0	0
CBA65720	780	486	0	0
CBA65723	1449	1155	0	0
CBA65726	723	429	0	0
CBA65729	1668	1374	0	0
CBA65732	1320	1026	0	0
CBA65736	747	453	0	0
CBA65738	2010	1716	0	0
CBA65741	1434	1140	0	0
CBA65744	1917	1623	0	0
CBA65747	861	567	0	0
CBA65750	1188	894	17	588.652
CBA65753	1392	1098	6	169.16
CBA65756	1653	1359	3	68.336
CBA65759	1404	1110	1	27.8885
CBA65762	492	198	2	312.689
CBA65765	813	519	0	0
CBA65768	1152	858	0	0
CBA65771	642	348	1	88.9546
CBA65774	1545	1251	2	49.4903
CBA65777	627	333	0	0
CBA65780	717	423	0	0
CBA65784	1233	939	2	65.9344
CBA65788	1119	825	7	262.659
CBA65790	1191	897	0	0
CBA65793	1380	1086	0	0
CBA65796	1209	915	0	0
CBA65800	1455	1161	1	26.6634
CBA65803	1872	1578	1	19.6174
CBA65806	861	567	0	0
CBA65809	405	111.014	0	0
CBA65812	1188	894	0	0
CBA65815	1614	1320	0	0
CBA65818	1080	786	0	0
CBA65821	648	354	2	174.894
CBA65824	1950	1656	0	0
CBA65827	1353	1059	0	0
CBA65830	558	264	4	469.033
CBA65833	750	456	2	135.773
CBA65834	366	72.7051	0	0
CBA65837	783	489	0	0
CBA65840	1428	1134	0	0
CBA65843	1929	1635	1	18.9335
CBA65846	864	570	0	0
CBA65849	1401	1107	0	0
CBA65852	672	378	0	0
CBA65855	2391	2097	0	0
CBA65858	1449	1155	0	0
CBA65860	888	594	0	0
CBA65863	450	156	0	0
CBA65866	1908	1614	0	0
CBA65869	1896	1602	1	19.3235
CBA65873	879	585	0	0
CBA65876	1695	1401	41	905.927
CBA65878	993	699	1	44.2864
CBA65881	627	333	0	0
CBA65885	1044	750	9	371.474
CBA65888	630	336	1	92.1315
CBA65891	963	669	0	0
CBA65894	4356	4062	0	0
CBA65896	729	435	2	142.327
CBA65899	1620	1326	0	0
CBA65902	1011	717	0	0
CBA65905	1293	999	5	154.936
CBA65908	1215	921	1	33.6115
CBA65911	336	47.0146	0	0
CBA65914	447	153	0	0
CBA65917	1986	1692	1	18.2956
CBA65920	1071	777	0	0
CBA65923	1167	873	0	0
CBA65926	765	471	0	0
CBA65929	648	354	2	174.894
CBA65931	1128	834	0	0
CBA65934	1236	942	0	0
CBA65938	750	456	0	0
CBA65940	315	33.5881	0	0
CBA65944	201	8.76103	0	0
CBA65947	843	549	1	56.3865
CBA65951	492	198	1	156.344
CBA65954	771	477	0	0
CBA65958	1167	873	4	141.838
CBA65959	453	159	0	0
CBA65962	228	10.9998	0	0
CBA65967	906	612	8	404.656
CBA65970	456	162	3	573.263
CBA65973	828	534	9	521.734
CBA65976	573	279	0	0
CBA65979	546	252	0	0
CBA65982	1290	996	0	0
CBA65985	873	579	0	0
CBA65987	492	198	0	0
CBA65991	2136	1842	0	0
CBA65993	630	336	0	0
CBA65997	363	69.8927	0	0
CBA65999	498	204	5	758.73
CBA66001	399	105.028	0	0
CBA66004	888	594	0	0
CBA66007	225	10.7008	0	0
CBA66010	507	213	1	145.334
CBA66013	1293	999	25	774.679
CBA66016	1533	1239	1	24.9848
CBA66018	744	450	1	68.7915
CBA66021	1203	909	0	0
CBA66024	1008	714	384	16648.7
CBA66027	1023	729	1	42.4639
CBA66030	1347	1053	0	0
CBA66033	2562	2268	0	0
CBA66036	1392	1098	0	0
CBA66039	1110	816	3	113.81
CBA66042	1353	1059	0	0
CBA66045	1329	1035	0	0
CBA66048	1584	1290	0	0
CBA66051	1188	894	0	0
CBA66054	1215	921	0	0
CBA66057	540	246	1	125.838
CBA66060	1818	1524	1	20.3125
CBA66063	378	84.2494	7	2572.05
CBA66066	486	192	0	0
CBA66069	540	246	0	0
CBA66072	414	120.004	0	0
CBA66075	1122	828	0	0
CBA66078	1653	1359	21	478.352
CBA66081	750	456	0	0
CBA66085	2028	1734	0	0
CBA66088	1584	1290	0	0
CBA66091	621	327	0	0
CBA66094	927	633	0	0
CBA66097	921	627	0	0
CBA66100	2421	2127	0	0
CBA66103	1023	729	0	0
CBA66106	747	453	0	0
CBA66109	1305	1011	0	0
CBA66112	969	675	1	45.861
CBA66115	1029	735	0	0
CBA66118	846	552	0	0
CBA66121	1131	837	2	73.9694
CBA66124	672	378	0	0
CBA66127	651	357	5	433.56
CBA66130	594	300	3	309.562
CBA66133	1404	1110	3	83.6654
CBA66136	492	198	1	156.344
CBA66138	516	222	3	418.327
CBA66140	513	219	2	282.705
CBA66142	651	357	0	0
CBA66144	780	486	5	318.479
CBA66146	252	14.0473	0	0
CBA66148	732	438	0	0
CBA66150	762	468	0	0
CBA66152	1536	1242	0	0
CBA66153	2241	1947	0	0
CBA66155	801	507	0	0
CBA66157	876	582	0	0
CBA66159	858	564	0	0
CBA66161	255	14.5306	0	0
CBA66162	1119	825	2	75.0453
CBA66164	1194	900	1	34.3958
CBA66166	882	588	4	210.586
CBA66168	1002	708	3	131.17
CBA66170	888	594	2	104.23
CBA66171	750	456	1	67.8864
CBA66173	717	423	9	658.642
CBA66175	1005	711	3	130.617
CBA66177	720	426	11	799.338
CBA66179	1641	1347	0	0
CBA66181	540	246	8	1006.71
CBA66183	1308	1014	63	1923.31
CBA66185	1776	1482	0	0
CBA66187	570	276	0	0
CBA66188	636	342	0	0
CBA66190	882	588	13	684.406
CBA66192	1008	714	0	0
CBA66194	483	189	0	0
CBA66196	468	174	0	0
CBA66198	759	465	1	66.5725
CBA66202	285	21.2959	0	0
CBA66203	1881	1587	7	136.543
CBA66205	1791	1497	1	20.6788
CBA66207	1314	1020	0	0
CBA66209	765	471	2	131.449
CBA66211	222	10.4162	0	0
CBA66213	546	252	10	1228.42
CBA66215	867	573	0	0
CBA66217	246	13.1582	0	0
CBA66219	1299	1005	5	154.011
CBA66220	1032	738	1	41.9461
CBA66222	711	417	4	296.942
CBA66224	2667	2373	0	0
CBA66226	828	534	0	0
CBA66228	1455	1161	1	26.6634
CBA66230	855	561	0	0
CBA66232	654	360	0	0
CBA66234	765	471	0	0
CBA66235	825	531	0	0
CBA66237	918	624	0	0
CBA66239	756	462	0	0
CBA66241	888	594	0	0
CBA66243	1176	882	0	0
CBA66245	699	405	0	0
CBA66247	681	387	0	0
CBA66249	2016	1722	0	0
CBA66251	678	384	0	0
CBA66253	843	549	0	0
CBA66255	1785	1491	2	41.5241
CBA66257	666	372	0	0
CBA66259	216	9.88688	0	0
CBA66261	510	216	1	143.316
CBA66262	219	10.1452	0	0
CBA66264	1947	1653	10	187.273
CBA66266	1056	762	10	406.249
CBA66268	768	474	2	130.617
CBA66270	792	498	0	0
CBA66272	423	129.001	1	239.968
CBA66274	480	186	0	0
CBA66276	2757	2463	1	12.5685
CBA66278	804	510	3	182.095
CBA66280	2370	2076	4	59.6458
CBA66282	909	615	3	151.006
CBA66284	1080	786	1	39.3845
CBA66286	1350	1056	3	87.9437
CBA66288	1608	1314	12	282.705
CBA66290	1707	1413	0	0
CBA66292	318	35.2427	0	0
CBA66294	366	72.7051	1	425.778
CBA66296	1050	756	4	163.789
CBA66298	585	291	0	0
CBA66300	444	150	0	0
CBA66302	873	579	0	0
CBA66304	360	67.1199	0	0
CBA66306	1086	792	0	0
CBA66307	1380	1086	0	0
CBA66309	681	387	0	0
CBA66311	1080	786	0	0
CBA66313	1371	1077	2	57.486
CBA66315	585	291	2	212.757
CBA66317	2370	2076	0	0
CBA66318	513	219	4	565.41
CBA66320	528	234	2	264.583
CBA66322	1251	957	8	258.777
CBA66324	585	291	0	0
CBA66326	1344	1050	11	324.303
CBA66328	471	177	0	0
CBA66330	1350	1056	0	0
CBA66332	2034	1740	0	0
CBA66333	939	645	0	0
CBA66335	432	138	0	0
CBA66337	1284	990	1	31.2689
CBA66338	516	222	0	0
CBA66340	1377	1083	4	114.335
CBA66342	552	258	3	359.956
CBA66344	174	7.25616	0	0
CBA66346	834	540	6	343.958
CBA66350	1059	765	11	445.122
CBA66352	660	366	0	0
CBA66354	630	336	2	184.263
CBA66356	834	540	3	171.979
CBA66358	789	495	0	0
CBA66360	873	579	0	0
CBA66361	1779	1485	0	0
CBA66363	582	288	0	0
CBA66365	141	5.99709	0	0
CBA66367	1317	1023	0	0
CBA66369	768	474	0	0
CBA66371	576	282	1	109.774
CBA66373	279	19.6009	0	0
CBA66375	762	468	0	0
CBA66377	2028	1734	0	0
CBA66379	1077	783	0	0
CBA66381	585	291	0	0
CBA66382	459	165	0	0
CBA66384	1416	1122	0	0
CBA66387	669	375	0	0
CBA66389	519	225	2	275.166
CBA66391	324	38.8143	0	0
CBA66393	585	291	3	319.136
CBA66396	1539	1245	0	0
CBA66398	837	543	3	171.029
CBA66400	1401	1107	2	55.9281
CBA66402	792	498	0	0
CBA66404	864	570	0	0
CBA66406	1011	717	0	0
CBA66408	957	663	2	93.3822
CBA66409	549	255	0	0
CBA66411	699	405	0	0
CBA66413	1068	774	0	0
CBA66415	402	108.019	0	0
CBA66417	600	306	0	0
CBA66419	1359	1065	0	0
CBA66421	1761	1467	5	105.508
CBA66423	960	666	1	46.4808
CBA66425	3570	3276	0	0
CBA66427	948	654	1	47.3336
CBA66429	426	132.001	0	0
CBA66431	1119	825	0	0
CBA66433	858	564	0	0
CBA66435	714	420	0	0
CBA66437	954	660	0	0
CBA66439	837	543	19	1083.18
CBA66441	1482	1188	21	547.205
CBA66443	498	204	4	606.984
CBA66445	1887	1593	10	194.326
CBA66447	1782	1488	15	312.058
CBA66449	1797	1503	1	20.5963
CBA66451	930	636	0	0
CBA66452	1818	1524	0	0
CBA66454	2826	2532	1	12.226
CBA66456	1995	1701	0	0
CBA66458	1263	969	0	0
CBA66460	1311	1017	0	0
CBA66462	861	567	0	0
CBA66464	870	576	0	0
CBA66466	1071	777	0	0
CBA66468	579	285	0	0
CBA66470	966	672	15	690.986
CBA66472	1500	1206	0	0
CBA66474	906	612	0	0
CBA66476	1479	1185	0	0
CBA66478	753	459	0	0
CBA66480	726	432	0	0
CBA66482	1122	828	3	112.16
CBA66484	753	459	1	67.4427
CBA66486	576	282	0	0
CBA66488	609	315	0	0
CBA66490	1227	933	0	0
CBA66491	633	339	0	0
CBA66493	888	594	0	0
CBA66495	1071	777	1	39.8407
CBA66497	972	678	1	45.6581
CBA66498	1416	1122	3	82.7706
CBA66500	1500	1206	5	128.342
CBA66502	615	321	1	96.4367
CBA66504	774	480	0	0
CBA66506	615	321	0	0
CBA66508	1047	753	0	0
CBA66510	873	579	0	0
CBA66512	1188	894	0	0
CBA66514	1071	777	0	0
CBA66516	1323	1029	0	0
CBA66517	336	47.0146	0	0
CBA66520	306	29.1283	0	0
CBA66522	1044	750	0	0
CBA66524	1902	1608	0	0
CBA66526	852	558	0	0
CBA66528	1170	876	0	0
CBA66530	918	624	1	49.6093
CBA66531	930	636	0	0
CBA66533	726	432	2	143.316
CBA66535	1122	828	2	74.7734
CBA66537	837	543	0	0
CBA66539	732	438	2	141.352
CBA66541	1254	960	3	96.7381
CBA66543	1140	846	1	36.5912
CBA66545	576	282	0	0
CBA66547	558	264	2	234.517
CBA66549	744	450	0	0
CBA66551	543	249	0	0
CBA66553	1206	912	0	0
CBA66555	444	150	0	0
CBA66557	444	150	0	0
CBA66559	663	369	0	0
CBA66560	543	249	0	0
CBA66562	612	318	0	0
CBA66564	1266	972	0	0
CBA66566	1158	864	0	0
CBA66568	570	276	6	672.961
CBA66570	435	141	0	0
CBA66572	1095	801	287	11091.7
CBA66574	933	639	1	48.4447
CBA66576	828	534	0	0
CBA66578	363	69.8927	6	2657.46
CBA66580	288	22.2238	1	1392.93
CBA66582	1158	864	8	286.631
CBA66584	591	297	2	208.459
CBA66586	462	168	1	184.263
CBA66587	381	87.1877	2	710.105
CBA66589	261	15.584	0	0
CBA66591	1395	1101	9	253.048
CBA66593	843	549	3	169.16
CBA66595	1503	1209	4	102.419
CBA66597	546	252	1	122.842
CBA66599	516	222	2	278.885
CBA66601	261	15.584	0	0
CBA66602	705	411	1	75.3192
CBA66604	387	93.1033	1	332.493
CBA66606	228	10.9998	0	0
CBA66608	438	144	0	0
CBA66610	816	522	0	0
CBA66612	630	336	2	184.263
CBA66614	453	159	6	1168.16
CBA66616	450	156	0	0
CBA66618	1062	768	0	0
CBA66620	681	387	2	159.98
CBA66621	1065	771	1	40.1507
CBA66623	849	555	0	0
CBA66625	894	600	0	0
CBA66627	201	8.76103	0	0
CBA66629	1605	1311	1	23.6127
CBA66631	966	672	3	138.197
CBA66633	1893	1599	0	0
CBA66635	2373	2079	0	0
CBA66637	921	627	0	0
CBA66639	285	21.2959	0	0
CBA66641	534	240	0	0
CBA66643	255	14.5306	0	0
CBA66644	252	14.0473	0	0
CBA66647	279	19.6009	1	1579.33
CBA66649	1476	1182	2	52.3793
CBA66650	1614	1320	6	140.71
CBA66652	558	264	1	117.258
CBA66654	966	672	0	0
CBA66656	3387	3093	0	0
CBA66658	561	267	0	0
CBA66660	651	357	0	0
CBA66662	783	489	1	63.3051
CBA66664	1083	789	0	0
CBA66666	1539	1245	1	24.8644
CBA66668	528	234	0	0
CBA66670	567	273	0	0
CBA66672	909	615	0	0
CBA66674	1713	1419	0	0
CBA66676	1209	915	0	0
CBA66678	1686	1392	0	0
CBA66680	522	228	0	0
CBA66682	951	657	93	4381.93
CBA66684	1380	1086	4	114.019
CBA66686	279	19.6009	1	1579.33
CBA66687	879	585	2	105.833
CBA66689	1353	1059	25	730.788
CBA66691	798	504	3	184.263
CBA66693	954	660	0	0
CBA66695	1182	888	5	174.303
CBA66697	1272	978	0	0
CBA66699	870	576	4	214.974
CBA66701	531	237	0	0
CBA66703	1068	774	0	0
CBA66705	1104	810	0	0
CBA66707	1689	1395	0	0
CBA66709	996	702	0	0
CBA66710	837	543	0	0
CBA66712	1170	876	0	0
CBA66714	732	438	0	0
CBA66716	867	573	0	0
CBA66718	870	576	0	0
CBA66720	1086	792	0	0
CBA66722	576	282	0	0
CBA66724	432	138	0	0
CBA66726	771	477	0	0
CBA66728	1938	1644	1	18.8298
CBA66730	522	228	0	0
CBA66732	585	291	0	0
CBA66734	1431	1137	4	108.905
CBA66736	429	135.001	14	3210.26
CBA66738	705	411	0	0
CBA66740	834	540	0	0
CBA66742	747	453	0	0
CBA66744	894	600	2	103.187
CBA66746	936	642	0	0
CBA66748	705	411	0	0
CBA66750	1410	1116	0	0
CBA66751	192	8.19612	0	0
CBA66753	282	20.4227	0	0
CBA66755	1530	1236	2	50.0909
CBA66757	480	186	1	166.431
CBA66759	969	675	0	0
CBA66761	771	477	2	129.795
CBA66763	618	324	2	191.088
CBA66765	969	675	0	0
CBA66767	978	684	0	0
CBA66769	1995	1701	5	90.9941
CBA66771	1389	1095	1	28.2705
CBA66773	429	135.001	2	458.609
CBA66775	807	513	0	0
CBA66777	507	213	2	290.668
CBA66779	660	366	0	0
CBA66781	681	387	23	1839.77
CBA66783	921	627	8	394.975
CBA66785	1551	1257	0	0
CBA66787	267	16.7672	0	0
CBA66789	861	567	4	218.386
CBA66791	939	645	1	47.9941
CBA66793	162	6.7404	0	0
CBA66795	498	204	2	303.492
CBA66796	711	417	0	0
CBA66798	531	237	0	0
CBA66799	231	11.3144	0	0
CBA66801	1410	1116	2	55.477
CBA66803	1254	960	0	0
CBA66805	1155	861	0	0
CBA66807	570	276	1	112.16
CBA66809	228	10.9998	1	2814.24
CBA66811	744	450	5	343.958
CBA66813	873	579	0	0
CBA66814	666	372	2	166.431
CBA66816	858	564	2	109.774
CBA66818	2547	2253	1	13.74
CBA66820	687	393	1	78.7689
CBA66822	990	696	0	0
CBA66824	687	393	0	0
CBA66826	3207	2913	3.66667	38.9653
CBA66828	1095	801	0	0
CBA66830	3207	2913	7.33333	77.9307
CBA66832	1044	750	1	41.2749
CBA66834	717	423	0	0
CBA66836	636	342	6	543.091
CBA66838	915	621	0	0
CBA66839	1230	936	1	33.0729
CBA66841	2382	2088	1	14.8258
CBA66843	726	432	0	0
CBA66845	456	162	3	573.263
CBA66847	1155	861	1	35.9538
CBA66849	693	399	0	0
CBA66851	717	423	0	0
CBA66853	735	441	1	70.1954
CBA66855	852	558	8	443.816
CBA66856	939	645	1	47.9941
CBA66858	651	357	0	0
CBA66860	189	8.02321	0	0
CBA66862	1185	891	0	0
CBA66864	918	624	5	248.046
CBA66866	729	435	0	0
CBA66868	201	8.76103	0	0
CBA66870	381	87.1877	0	0
CBA66872	1359	1065	0	0
CBA66873	417	123.003	0	0
CBA66875	618	324	0	0
CBA66877	2706	2412	0	0
CBA66879	324	38.8143	0	0
CBA66881	459	165	1	187.613
CBA66883	543	249	0	0
CBA66885	528	234	5	661.457
CBA66887	1395	1101	0	0
CBA66889	1122	828	0	0
CBA66891	222	10.4162	0	0
CBA66893	645	351	15	1322.91
CBA66895	498	204	0	0
CBA66897	504	210	0	0
CBA66899	2433	2139	0	0
CBA66901	2136	1842	0	0
CBA66903	1008	714	0	0
CBA66905	894	600	0	0
CBA66906	858	564	12	658.642
CBA66908	588	294	11	1158.22
CBA66910	921	627	0	0
CBA66912	684	390	0	0
CBA66914	699	405	0	0
CBA66916	912	618	0	0
CBA66917	429	135.001	0	0
CBA66919	1182	888	0	0
CBA66921	813	519	2	119.292
CBA66924	1119	825	18.1199	679.906
CBA66926	918	624	0	0
CBA66928	384	90.1399	1	343.424
CBA66930	450	156	0	0
CBA66932	369	75.5516	4	1638.94
CBA66934	867	573	0	0
CBA66936	345	54.0423	1	572.814
CBA66938	618	324	0	0
CBA66940	2172	1878	0	0
CBA66942	633	339	1	91.3162
CBA66944	906	612	0	0
CBA66946	624	330	0	0
CBA66948	1272	978	2	63.3051
CBA66950	288	22.2238	0	0
CBA66951	2088	1794	5	86.277
CBA66953	855	561	0	0
CBA66955	513	219	0	0
CBA66957	225	10.7008	0	0
CBA66959	954	660	0	0
CBA66961	1389	1095	0	0
CBA66963	882	588	4	210.586
CBA66965	993	699	2	88.5728
CBA66967	756	462	0	0
CBA66969	1110	816	0	0
CBA66970	1134	840	1	36.8526
CBA66972	1095	801	0	0
CBA66974	1302	1008	0	0
CBA66976	702	408	0	0
CBA66978	318	35.2427	0	0
CBA66980	312	32.019	0	0
CBA66982	480	186	1	166.431
CBA66983	2103	1809	2	34.2246
CBA66985	798	504	5	307.105
CBA66987	1407	1113	0	0
CBA66989	1059	765	4	161.862
CBA66991	993	699	3	132.859
CBA66993	1290	996	2	62.161
CBA66995	309	30.5332	0	0
CBA66997	1329	1035	14	418.731
CBA66999	450	156	0	0
CBA67001	1995	1701	6	109.193
CBA67003	927	633	7	342.328
CBA67005	321	36.9844	2	1674.01
CBA67007	228	10.9998	0	0
CBA67009	435	141	23	5049.58
CBA67011	279	19.6009	16	25269.2
CBA67013	1197	903	166	5690.73
CBA67015	186	7.85728	0	0
CBA67017	264	16.1583	0	0
CBA67019	633	339	1	91.3162
CBA67021	1317	1023	0	0
CBA67023	576	282	30	3293.21
CBA67024	1143	849	1	36.4619
CBA67026	864	570	0	0
CBA67028	855	561	0	0
CBA67030	786	492	8	503.353
CBA67032	729	435	0	0
CBA67034	1896	1602	0	0
CBA67036	1389	1095	0	0
CBA67038	561	267	0	0
CBA67040	708	414	11	822.508
CBA67042	186	7.85728	0	0
CBA67044	345	54.0423	0	0
CBA67046	138	5.90448	0	0
CD196_0059	303	27.8014	0	0
CD196_0195A	234	11.6454	0	0
CD196_0209	1155	861	2	71.9075
CD196_0351	951	657	0	0
CD196_0391	783	489	0	0
CD196_0515	978	684	1	45.2576
CD196_0531	2556	2262	3	41.056
CD196_0545	1569	1275	2	48.5587
CD196_0613	786	492	23	1447.14
CD196_0659	120	5.40618	0	0
CD196_0686	471	177	0	0
CD196_0807	2655	2361	1	13.1115
CD196_1098	384	90.1399	4	1373.7
CD196_1493	999	705	0	0
CD196_1681	783	489	0	0
CD196_1777	171	7.11991	0	0
CD196_1807	783	489	3	189.915
CD196_2116	1371	1077	9	258.687
CD196_2148A	216	9.88688	0	0
CD196_2152	63	4.28832	0	0
CD196_2194	474	180	0	0
CD196_2203	741	447	0	0
CD196_2228A	405	111.014	1	278.851
CD196_2508	1572	1278	0	0
CD196_2787	1038	744	2	83.2156
CD196_2797	720	426	0	0
CD196_2903	1251	957	4	129.388
CD196_3055	726	432	14	1003.21
CD196_3133	2145	1851	3	50.1721
CD196_3156	462	168	0	0
CD196_3431	1386	1092	6	170.089
